USE [SegurosWeb]
GO
---------------------------------
INSERT INTO [dbo].[Estado]([Descripcion])VALUES('PENDIENTE')
INSERT INTO [dbo].[Estado]([Descripcion])VALUES('PROCESANDO')
INSERT INTO [dbo].[Estado]([Descripcion])VALUES('CANCELADO')
INSERT INTO [dbo].[Estado]([Descripcion])VALUES('CON ERRORES')
INSERT INTO [dbo].[Estado]([Descripcion])VALUES('CERRADO')
INSERT INTO [dbo].[Estado]([Descripcion])VALUES('APROBADO')
GO
------------------------------------------------
INSERT INTO [dbo].[Rol]([Descripcion]) VALUES ('Ejecutivo Venta')
GO
-----------------------------------------------
INSERT INTO [dbo].[Region]([Nombre_region]) VALUES('Arica y Parinacota')
INSERT INTO [dbo].[Region] ([Nombre_region]) VALUES ('Tarapaca')
INSERT INTO [dbo].[Region] ([Nombre_region]) VALUES ('Antofagasta')
INSERT INTO [dbo].[Region] ([Nombre_region]) VALUES  ('Atacama')
INSERT INTO [dbo].[Region] ([Nombre_region]) VALUES ('Coquimbo')
INSERT INTO [dbo].[Region] ([Nombre_region]) VALUES  ('Valparaiso')
INSERT INTO [dbo].[Region] ([Nombre_region]) VALUES ('Region del Libertador Gral. Bernardo OHiggins')
INSERT INTO [dbo].[Region] ([Nombre_region]) VALUES ('Region del Maule')
INSERT INTO [dbo].[Region] ([Nombre_region]) VALUES  ('Region de Nuble')
INSERT INTO [dbo].[Region] ([Nombre_region]) VALUES ('Region del Biobio')
INSERT INTO [dbo].[Region] ([Nombre_region]) VALUES ('Region de la Araucania')
INSERT INTO [dbo].[Region] ([Nombre_region]) VALUES  ('Region de Los Rios')
INSERT INTO [dbo].[Region] ([Nombre_region]) VALUES ('Region de Los Lagos')
INSERT INTO [dbo].[Region] ([Nombre_region]) VALUES  ('Region Aisen del Gral. Carlos Ibanez del Campo')
INSERT INTO [dbo].[Region] ([Nombre_region]) VALUES ('Region de Magallanes y de la Antartica Chilena')
INSERT INTO [dbo].[Region] ([Nombre_region]) VALUES('Region Metropolitana de Santiago')
GO

--------------------------------------------------
INSERT INTO [dbo].[Ciudad]([Nombre_ciudad],[region_Id]) VALUES ('Arica',1) 
INSERT INTO [dbo].[Ciudad] ([Nombre_ciudad],[region_Id]) VALUES('Camarones',1)
INSERT INTO [dbo].[Ciudad] ([Nombre_ciudad],[region_Id]) VALUES('Putre',1) 
INSERT INTO [dbo].[Ciudad] ([Nombre_ciudad],[region_Id]) VALUES('General Las',1)
INSERT INTO [dbo].[Ciudad] ([Nombre_ciudad],[region_Id]) VALUES('Iquique',2) 
INSERT INTO [dbo].[Ciudad] ([Nombre_ciudad],[region_Id]) VALUES('Alto Hospicio',2) 
INSERT INTO [dbo].[Ciudad] ([Nombre_ciudad],[region_Id]) VALUES('Pozo Almonte',2) 
INSERT INTO [dbo].[Ciudad] ([Nombre_ciudad],[region_Id]) VALUES('Camiña',2) 
INSERT INTO [dbo].[Ciudad] ([Nombre_ciudad],[region_Id]) VALUES('Colchane',2) 
INSERT INTO [dbo].[Ciudad] ([Nombre_ciudad],[region_Id]) VALUES('Huara',2) 
INSERT INTO [dbo].[Ciudad] ([Nombre_ciudad],[region_Id]) VALUES('Pica',2) 
INSERT INTO [dbo].[Ciudad] ([Nombre_ciudad],[region_Id]) VALUES('Antofagasta',3)
INSERT INTO [dbo].[Ciudad] ([Nombre_ciudad],[region_Id]) VALUES('Mejillones',3) 
INSERT INTO [dbo].[Ciudad] ([Nombre_ciudad],[region_Id]) VALUES('Sierra rda',3)
INSERT INTO [dbo].[Ciudad] ([Nombre_ciudad],[region_Id]) VALUES('Taltal',3) 
INSERT INTO [dbo].[Ciudad] ([Nombre_ciudad],[region_Id]) VALUES('Calama',3) 
INSERT INTO [dbo].[Ciudad] ([Nombre_ciudad],[region_Id]) VALUES('Ollagüe',3) 
INSERT INTO [dbo].[Ciudad] ([Nombre_ciudad],[region_Id]) VALUES('San Pedro de Atacama',3) 
INSERT INTO [dbo].[Ciudad] ([Nombre_ciudad],[region_Id]) VALUES('Tocopilla',3) 
INSERT INTO [dbo].[Ciudad] ([Nombre_ciudad],[region_Id]) VALUES('María Elena',3) 
INSERT INTO [dbo].[Ciudad] ([Nombre_ciudad],[region_Id]) VALUES('Copiapó',4) 
INSERT INTO [dbo].[Ciudad] ([Nombre_ciudad],[region_Id]) VALUES('Caldera',4) 
INSERT INTO [dbo].[Ciudad] ([Nombre_ciudad],[region_Id]) VALUES('Tierra Amarilla',4) 
INSERT INTO [dbo].[Ciudad] ([Nombre_ciudad],[region_Id]) VALUES('Chañaral',4) 
INSERT INTO [dbo].[Ciudad] ([Nombre_ciudad],[region_Id]) VALUES('Die de Almagro',4) 
INSERT INTO [dbo].[Ciudad] ([Nombre_ciudad],[region_Id]) VALUES('Vallenar',4) 
INSERT INTO [dbo].[Ciudad] ([Nombre_ciudad],[region_Id]) VALUES('Alto del Carmen',4) 
INSERT INTO [dbo].[Ciudad] ([Nombre_ciudad],[region_Id]) VALUES('Freirina',4) 
INSERT INTO [dbo].[Ciudad] ([Nombre_ciudad],[region_Id]) VALUES('Huasco',4) 
INSERT INTO [dbo].[Ciudad] ([Nombre_ciudad],[region_Id]) VALUES('La Serena',5) 
INSERT INTO [dbo].[Ciudad] ([Nombre_ciudad],[region_Id]) VALUES('Coquimbo',5) 
INSERT INTO [dbo].[Ciudad] ([Nombre_ciudad],[region_Id]) VALUES('Andacollo',5) 
INSERT INTO [dbo].[Ciudad] ([Nombre_ciudad],[region_Id]) VALUES('La Higuera',5) 
INSERT INTO [dbo].[Ciudad] ([Nombre_ciudad],[region_Id]) VALUES('Paiguano',5) 
INSERT INTO [dbo].[Ciudad] ([Nombre_ciudad],[region_Id]) VALUES('Vicuña',5) 
INSERT INTO [dbo].[Ciudad] ([Nombre_ciudad],[region_Id]) VALUES('Illapel',5) 
INSERT INTO [dbo].[Ciudad] ([Nombre_ciudad],[region_Id]) VALUES('Canela',5) 
INSERT INTO [dbo].[Ciudad] ([Nombre_ciudad],[region_Id]) VALUES('Los Vilos',5) 
INSERT INTO [dbo].[Ciudad] ([Nombre_ciudad],[region_Id]) VALUES('Salamanca',5) 
INSERT INTO [dbo].[Ciudad] ([Nombre_ciudad],[region_Id]) VALUES('Ovalle',5) 
INSERT INTO [dbo].[Ciudad] ([Nombre_ciudad],[region_Id]) VALUES('Combarbalá',5) 
INSERT INTO [dbo].[Ciudad] ([Nombre_ciudad],[region_Id]) VALUES('Monte Patria',5) 
INSERT INTO [dbo].[Ciudad] ([Nombre_ciudad],[region_Id]) VALUES('Punitaqui',5) 
INSERT INTO [dbo].[Ciudad] ([Nombre_ciudad],[region_Id]) VALUES('Río Hurtado',5) 
INSERT INTO [dbo].[Ciudad] ([Nombre_ciudad],[region_Id]) VALUES('Valparaíso',6) 
INSERT INTO [dbo].[Ciudad] ([Nombre_ciudad],[region_Id]) VALUES('Casablanca',6) 
INSERT INTO [dbo].[Ciudad] ([Nombre_ciudad],[region_Id]) VALUES('Concón',6) 
INSERT INTO [dbo].[Ciudad] ([Nombre_ciudad],[region_Id]) VALUES('Juan Fernández',6) 
INSERT INTO [dbo].[Ciudad] ([Nombre_ciudad],[region_Id]) VALUES('Puchuncaví',6) 
INSERT INTO [dbo].[Ciudad] ([Nombre_ciudad],[region_Id]) VALUES('Quintero',6) 
INSERT INTO [dbo].[Ciudad] ([Nombre_ciudad],[region_Id]) VALUES('Viña del Mar',6) 
INSERT INTO [dbo].[Ciudad] ([Nombre_ciudad],[region_Id]) VALUES('Isla de Pascua',6) 
INSERT INTO [dbo].[Ciudad] ([Nombre_ciudad],[region_Id]) VALUES('Los Andes',6) 
INSERT INTO [dbo].[Ciudad] ([Nombre_ciudad],[region_Id]) VALUES('Calle Larga',6) 
INSERT INTO [dbo].[Ciudad] ([Nombre_ciudad],[region_Id]) VALUES('Rinconada',6) 
INSERT INTO [dbo].[Ciudad] ([Nombre_ciudad],[region_Id]) VALUES('San Esteban',6) 
INSERT INTO [dbo].[Ciudad] ([Nombre_ciudad],[region_Id]) VALUES('La Ligua',6) 
INSERT INTO [dbo].[Ciudad] ([Nombre_ciudad],[region_Id]) VALUES('Cabildo',6) 
INSERT INTO [dbo].[Ciudad] ([Nombre_ciudad],[region_Id]) VALUES('Papudo',6) 
INSERT INTO [dbo].[Ciudad] ([Nombre_ciudad],[region_Id]) VALUES('Petorca',6) 
INSERT INTO [dbo].[Ciudad] ([Nombre_ciudad],[region_Id]) VALUES('Zapallar',6) 
INSERT INTO [dbo].[Ciudad] ([Nombre_ciudad],[region_Id]) VALUES('Quillota',6) 
INSERT INTO [dbo].[Ciudad] ([Nombre_ciudad],[region_Id]) VALUES('Calera',6) 
INSERT INTO [dbo].[Ciudad] ([Nombre_ciudad],[region_Id]) VALUES('Hijuelas',6) 
INSERT INTO [dbo].[Ciudad] ([Nombre_ciudad],[region_Id]) VALUES('La Cruz',6) 
INSERT INTO [dbo].[Ciudad] ([Nombre_ciudad],[region_Id]) VALUES('Nogales',6) 
INSERT INTO [dbo].[Ciudad] ([Nombre_ciudad],[region_Id]) VALUES('San Antonio',6) 
INSERT INTO [dbo].[Ciudad] ([Nombre_ciudad],[region_Id]) VALUES('Algarrobo',6) 
INSERT INTO [dbo].[Ciudad] ([Nombre_ciudad],[region_Id]) VALUES('Cartagena',6) 
INSERT INTO [dbo].[Ciudad] ([Nombre_ciudad],[region_Id]) VALUES('El Quisco',6) 
INSERT INTO [dbo].[Ciudad] ([Nombre_ciudad],[region_Id]) VALUES('El Tabo',6) 
INSERT INTO [dbo].[Ciudad] ([Nombre_ciudad],[region_Id]) VALUES('Santo Domin',6) 
INSERT INTO [dbo].[Ciudad] ([Nombre_ciudad],[region_Id]) VALUES('San Felipe',6) 
INSERT INTO [dbo].[Ciudad] ([Nombre_ciudad],[region_Id]) VALUES('Catemu',6) 
INSERT INTO [dbo].[Ciudad] ([Nombre_ciudad],[region_Id]) VALUES('Llaillay',6) 
INSERT INTO [dbo].[Ciudad] ([Nombre_ciudad],[region_Id]) VALUES('Panquehue',6) 
INSERT INTO [dbo].[Ciudad] ([Nombre_ciudad],[region_Id]) VALUES('Putaendo',6) 
INSERT INTO [dbo].[Ciudad] ([Nombre_ciudad],[region_Id]) VALUES('Santa María',6) 
INSERT INTO [dbo].[Ciudad] ([Nombre_ciudad],[region_Id]) VALUES('Quilpué',6) 
INSERT INTO [dbo].[Ciudad] ([Nombre_ciudad],[region_Id]) VALUES('Limache',6) 
INSERT INTO [dbo].[Ciudad] ([Nombre_ciudad],[region_Id]) VALUES('Olmué',6) 
INSERT INTO [dbo].[Ciudad] ([Nombre_ciudad],[region_Id]) VALUES('Villa Alemana',6) 
INSERT INTO [dbo].[Ciudad] ([Nombre_ciudad],[region_Id]) VALUES('Rancagua',7) 
INSERT INTO [dbo].[Ciudad] ([Nombre_ciudad],[region_Id]) VALUES('Codegua',7) 
INSERT INTO [dbo].[Ciudad] ([Nombre_ciudad],[region_Id]) VALUES('Coinco',7) 
INSERT INTO [dbo].[Ciudad] ([Nombre_ciudad],[region_Id]) VALUES('Coltauco',7) 
INSERT INTO [dbo].[Ciudad] ([Nombre_ciudad],[region_Id]) VALUES('Doñihue',7) 
INSERT INTO [dbo].[Ciudad] ([Nombre_ciudad],[region_Id]) VALUES('Graneros',7) 
INSERT INTO [dbo].[Ciudad] ([Nombre_ciudad],[region_Id]) VALUES('Las Cabras',7) 
INSERT INTO [dbo].[Ciudad] ([Nombre_ciudad],[region_Id]) VALUES('Machalí',7) 
INSERT INTO [dbo].[Ciudad] ([Nombre_ciudad],[region_Id]) VALUES('Malloa',7) 
INSERT INTO [dbo].[Ciudad] ([Nombre_ciudad],[region_Id]) VALUES('Mostazal',7) 
INSERT INTO [dbo].[Ciudad] ([Nombre_ciudad],[region_Id]) VALUES('Olivar',7) 
INSERT INTO [dbo].[Ciudad] ([Nombre_ciudad],[region_Id]) VALUES('Peumo',7) 
INSERT INTO [dbo].[Ciudad] ([Nombre_ciudad],[region_Id]) VALUES('Pichidegua',7) 
INSERT INTO [dbo].[Ciudad] ([Nombre_ciudad],[region_Id]) VALUES('Quinta de Tilcoco',7) 
INSERT INTO [dbo].[Ciudad] ([Nombre_ciudad],[region_Id]) VALUES('Ren',7) 
INSERT INTO [dbo].[Ciudad] ([Nombre_ciudad],[region_Id]) VALUES('Requínoa',7) 
INSERT INTO [dbo].[Ciudad] ([Nombre_ciudad],[region_Id]) VALUES('San Vicente',7) 
INSERT INTO [dbo].[Ciudad] ([Nombre_ciudad],[region_Id]) VALUES('Pichilemu',7) 
INSERT INTO [dbo].[Ciudad] ([Nombre_ciudad],[region_Id]) VALUES('La Estrella',7) 
INSERT INTO [dbo].[Ciudad] ([Nombre_ciudad],[region_Id]) VALUES('Litueche',7) 
INSERT INTO [dbo].[Ciudad] ([Nombre_ciudad],[region_Id]) VALUES('Marchihue',7) 
INSERT INTO [dbo].[Ciudad] ([Nombre_ciudad],[region_Id]) VALUES('Navidad',7) 
INSERT INTO [dbo].[Ciudad] ([Nombre_ciudad],[region_Id]) VALUES('Paredones',7) 
INSERT INTO [dbo].[Ciudad] ([Nombre_ciudad],[region_Id]) VALUES('San Fernando',7) 
INSERT INTO [dbo].[Ciudad] ([Nombre_ciudad],[region_Id]) VALUES('Chépica',7) 
INSERT INTO [dbo].[Ciudad] ([Nombre_ciudad],[region_Id]) VALUES('Chimbaron',7) 
INSERT INTO [dbo].[Ciudad] ([Nombre_ciudad],[region_Id]) VALUES('Lolol',7) 
INSERT INTO [dbo].[Ciudad] ([Nombre_ciudad],[region_Id]) VALUES('Nancagua',7) 
INSERT INTO [dbo].[Ciudad] ([Nombre_ciudad],[region_Id]) VALUES('Palmilla',7) 
INSERT INTO [dbo].[Ciudad] ([Nombre_ciudad],[region_Id]) VALUES('Peralillo',7) 
INSERT INTO [dbo].[Ciudad] ([Nombre_ciudad],[region_Id]) VALUES('Placilla',7) 
INSERT INTO [dbo].[Ciudad] ([Nombre_ciudad],[region_Id]) VALUES('Pumanque',7) 
INSERT INTO [dbo].[Ciudad] ([Nombre_ciudad],[region_Id]) VALUES('Santa Cruz',7) 
INSERT INTO [dbo].[Ciudad] ([Nombre_ciudad],[region_Id]) VALUES('Talca',8) 
INSERT INTO [dbo].[Ciudad] ([Nombre_ciudad],[region_Id]) VALUES('Constitución',8) 
INSERT INTO [dbo].[Ciudad] ([Nombre_ciudad],[region_Id]) VALUES('Curepto',8) 
INSERT INTO [dbo].[Ciudad] ([Nombre_ciudad],[region_Id]) VALUES('Empedrado',8) 
INSERT INTO [dbo].[Ciudad] ([Nombre_ciudad],[region_Id]) VALUES('Maule',8) 
INSERT INTO [dbo].[Ciudad] ([Nombre_ciudad],[region_Id]) VALUES('Pelarco',8) 
INSERT INTO [dbo].[Ciudad] ([Nombre_ciudad],[region_Id]) VALUES('Pencahue',8) 
INSERT INTO [dbo].[Ciudad] ([Nombre_ciudad],[region_Id]) VALUES('Río Claro',8) 
INSERT INTO [dbo].[Ciudad] ([Nombre_ciudad],[region_Id]) VALUES('San Clemente',8) 
INSERT INTO [dbo].[Ciudad] ([Nombre_ciudad],[region_Id]) VALUES('San Rafael',8) 
INSERT INTO [dbo].[Ciudad] ([Nombre_ciudad],[region_Id]) VALUES('Cauquenes',8) 
INSERT INTO [dbo].[Ciudad] ([Nombre_ciudad],[region_Id]) VALUES('Chanco',8) 
INSERT INTO [dbo].[Ciudad] ([Nombre_ciudad],[region_Id]) VALUES('Pelluhue',8) 
INSERT INTO [dbo].[Ciudad] ([Nombre_ciudad],[region_Id]) VALUES('Curicó',8) 
INSERT INTO [dbo].[Ciudad] ([Nombre_ciudad],[region_Id]) VALUES('Hualañé',8) 
INSERT INTO [dbo].[Ciudad] ([Nombre_ciudad],[region_Id]) VALUES('Licantén',8) 
INSERT INTO [dbo].[Ciudad] ([Nombre_ciudad],[region_Id]) VALUES('Molina',8) 
INSERT INTO [dbo].[Ciudad] ([Nombre_ciudad],[region_Id]) VALUES('Rauco',8) 
INSERT INTO [dbo].[Ciudad] ([Nombre_ciudad],[region_Id]) VALUES('Romeral',8) 
INSERT INTO [dbo].[Ciudad] ([Nombre_ciudad],[region_Id]) VALUES('Sagrada Familia',8) 
INSERT INTO [dbo].[Ciudad] ([Nombre_ciudad],[region_Id]) VALUES('Teno',8) 
INSERT INTO [dbo].[Ciudad] ([Nombre_ciudad],[region_Id]) VALUES('Vichuquén',8) 
INSERT INTO [dbo].[Ciudad] ([Nombre_ciudad],[region_Id]) VALUES('Linares',8) 
INSERT INTO [dbo].[Ciudad] ([Nombre_ciudad],[region_Id]) VALUES('Colbún',8) 
INSERT INTO [dbo].[Ciudad] ([Nombre_ciudad],[region_Id]) VALUES('Longaví',8) 
INSERT INTO [dbo].[Ciudad] ([Nombre_ciudad],[region_Id]) VALUES('Parral',8) 
INSERT INTO [dbo].[Ciudad] ([Nombre_ciudad],[region_Id]) VALUES('Retiro',8) 
INSERT INTO [dbo].[Ciudad] ([Nombre_ciudad],[region_Id]) VALUES('San Javier',8) 
INSERT INTO [dbo].[Ciudad] ([Nombre_ciudad],[region_Id]) VALUES('Villa Alegre',8) 
INSERT INTO [dbo].[Ciudad] ([Nombre_ciudad],[region_Id]) VALUES('Yerbas Buenas',8) 
INSERT INTO [dbo].[Ciudad] ([Nombre_ciudad],[region_Id]) VALUES('Cobquecura',9) 
INSERT INTO [dbo].[Ciudad] ([Nombre_ciudad],[region_Id]) VALUES('Coelemu',9) 
INSERT INTO [dbo].[Ciudad] ([Nombre_ciudad],[region_Id]) VALUES('Ninhue',9) 
INSERT INTO [dbo].[Ciudad] ([Nombre_ciudad],[region_Id]) VALUES('Portezuelo',9) 
INSERT INTO [dbo].[Ciudad] ([Nombre_ciudad],[region_Id]) VALUES('Quirihue',9) 
INSERT INTO [dbo].[Ciudad] ([Nombre_ciudad],[region_Id]) VALUES('Ránquil',9) 
INSERT INTO [dbo].[Ciudad] ([Nombre_ciudad],[region_Id]) VALUES('Treguaco',9) 
INSERT INTO [dbo].[Ciudad] ([Nombre_ciudad],[region_Id]) VALUES('Bulnes',9) 
INSERT INTO [dbo].[Ciudad] ([Nombre_ciudad],[region_Id]) VALUES('Chillán Viejo',9) 
INSERT INTO [dbo].[Ciudad] ([Nombre_ciudad],[region_Id]) VALUES('Chillán',9) 
INSERT INTO [dbo].[Ciudad] ([Nombre_ciudad],[region_Id]) VALUES('El Carmen',9) 
INSERT INTO [dbo].[Ciudad] ([Nombre_ciudad],[region_Id]) VALUES('Pemuco',9) 
INSERT INTO [dbo].[Ciudad] ([Nombre_ciudad],[region_Id]) VALUES('Pinto',9) 
INSERT INTO [dbo].[Ciudad] ([Nombre_ciudad],[region_Id]) VALUES('Quillón',9) 
INSERT INTO [dbo].[Ciudad] ([Nombre_ciudad],[region_Id]) VALUES('San Ignacio',9) 
INSERT INTO [dbo].[Ciudad] ([Nombre_ciudad],[region_Id]) VALUES('Yungay',9) 
INSERT INTO [dbo].[Ciudad] ([Nombre_ciudad],[region_Id]) VALUES('Coihueco',9) 
INSERT INTO [dbo].[Ciudad] ([Nombre_ciudad],[region_Id]) VALUES('Ñiquén',9) 
INSERT INTO [dbo].[Ciudad] ([Nombre_ciudad],[region_Id]) VALUES('San Carlos',9) 
INSERT INTO [dbo].[Ciudad] ([Nombre_ciudad],[region_Id]) VALUES('San Fabián',9) 
INSERT INTO [dbo].[Ciudad] ([Nombre_ciudad],[region_Id]) VALUES('San Nicolás',9) 
INSERT INTO [dbo].[Ciudad] ([Nombre_ciudad],[region_Id]) VALUES('Concepción',10) 
INSERT INTO [dbo].[Ciudad] ([Nombre_ciudad],[region_Id]) VALUES('Concepción',10) 
INSERT INTO [dbo].[Ciudad] ([Nombre_ciudad],[region_Id]) VALUES('Coronel',10) 
INSERT INTO [dbo].[Ciudad] ([Nombre_ciudad],[region_Id]) VALUES('Chiguayante',10) 
INSERT INTO [dbo].[Ciudad] ([Nombre_ciudad],[region_Id]) VALUES('Florida',10) 
INSERT INTO [dbo].[Ciudad] ([Nombre_ciudad],[region_Id]) VALUES('Hualqui',10) 
INSERT INTO [dbo].[Ciudad] ([Nombre_ciudad],[region_Id]) VALUES('Lota',10) 
INSERT INTO [dbo].[Ciudad] ([Nombre_ciudad],[region_Id]) VALUES('Penco',10) 
INSERT INTO [dbo].[Ciudad] ([Nombre_ciudad],[region_Id]) VALUES('San Pedro de la Paz',10) 
INSERT INTO [dbo].[Ciudad] ([Nombre_ciudad],[region_Id]) VALUES('Santa Juana',10) 
INSERT INTO [dbo].[Ciudad] ([Nombre_ciudad],[region_Id]) VALUES('Talcahuano',10) 
INSERT INTO [dbo].[Ciudad] ([Nombre_ciudad],[region_Id]) VALUES('Tomé',10) 
INSERT INTO [dbo].[Ciudad] ([Nombre_ciudad],[region_Id]) VALUES('Hualpén',10) 
INSERT INTO [dbo].[Ciudad] ([Nombre_ciudad],[region_Id]) VALUES('Lebu',10) 
INSERT INTO [dbo].[Ciudad] ([Nombre_ciudad],[region_Id]) VALUES('Arauco',10) 
INSERT INTO [dbo].[Ciudad] ([Nombre_ciudad],[region_Id]) VALUES('Cañete',10) 
INSERT INTO [dbo].[Ciudad] ([Nombre_ciudad],[region_Id]) VALUES('Contulmo',10) 
INSERT INTO [dbo].[Ciudad] ([Nombre_ciudad],[region_Id]) VALUES('Curanilahue',10) 
INSERT INTO [dbo].[Ciudad] ([Nombre_ciudad],[region_Id]) VALUES('Los Álamos',10) 
INSERT INTO [dbo].[Ciudad] ([Nombre_ciudad],[region_Id]) VALUES('Tirúa',10) 
INSERT INTO [dbo].[Ciudad] ([Nombre_ciudad],[region_Id]) VALUES('Los Ángeles',10) 
INSERT INTO [dbo].[Ciudad] ([Nombre_ciudad],[region_Id]) VALUES('Antuco' ,10) 
INSERT INTO [dbo].[Ciudad] ([Nombre_ciudad],[region_Id]) VALUES('Cabrero',10) 
INSERT INTO [dbo].[Ciudad] ([Nombre_ciudad],[region_Id]) VALUES('Laja',10) 
INSERT INTO [dbo].[Ciudad] ([Nombre_ciudad],[region_Id]) VALUES('Mulchén',10) 
INSERT INTO [dbo].[Ciudad] ([Nombre_ciudad],[region_Id]) VALUES('Nacimiento',10) 
INSERT INTO [dbo].[Ciudad] ([Nombre_ciudad],[region_Id]) VALUES('Negrete',10) 
INSERT INTO [dbo].[Ciudad] ([Nombre_ciudad],[region_Id]) VALUES('Quilaco',10) 
INSERT INTO [dbo].[Ciudad] ([Nombre_ciudad],[region_Id]) VALUES('Quilleco',10) 
INSERT INTO [dbo].[Ciudad] ([Nombre_ciudad],[region_Id]) VALUES('San Rosendo',10) 
INSERT INTO [dbo].[Ciudad] ([Nombre_ciudad],[region_Id]) VALUES('Santa Bárbara',10) 
INSERT INTO [dbo].[Ciudad] ([Nombre_ciudad],[region_Id]) VALUES('Tucapel',10) 
INSERT INTO [dbo].[Ciudad] ([Nombre_ciudad],[region_Id]) VALUES('Yumbel',10) 
INSERT INTO [dbo].[Ciudad] ([Nombre_ciudad],[region_Id]) VALUES('Alto Biobío',10) 
INSERT INTO [dbo].[Ciudad] ([Nombre_ciudad],[region_Id]) VALUES('Temuco',11) 
INSERT INTO [dbo].[Ciudad] ([Nombre_ciudad],[region_Id]) VALUES('Carahue',11) 
INSERT INTO [dbo].[Ciudad] ([Nombre_ciudad],[region_Id]) VALUES('Cunco',11) 
INSERT INTO [dbo].[Ciudad] ([Nombre_ciudad],[region_Id]) VALUES('Curarrehue',11) 
INSERT INTO [dbo].[Ciudad] ([Nombre_ciudad],[region_Id]) VALUES('Freire',11) 
INSERT INTO [dbo].[Ciudad] ([Nombre_ciudad],[region_Id]) VALUES('Galvarino',11) 
INSERT INTO [dbo].[Ciudad] ([Nombre_ciudad],[region_Id]) VALUES('rbea',11) 
INSERT INTO [dbo].[Ciudad] ([Nombre_ciudad],[region_Id]) VALUES('Lautaro',11) 
INSERT INTO [dbo].[Ciudad] ([Nombre_ciudad],[region_Id]) VALUES('Loncoche',11) 
INSERT INTO [dbo].[Ciudad] ([Nombre_ciudad],[region_Id]) VALUES('Melipeuco',11) 
INSERT INTO [dbo].[Ciudad] ([Nombre_ciudad],[region_Id]) VALUES('Nueva Imperial',11) 
INSERT INTO [dbo].[Ciudad] ([Nombre_ciudad],[region_Id]) VALUES('Padre las Casas',11) 
INSERT INTO [dbo].[Ciudad] ([Nombre_ciudad],[region_Id]) VALUES('Perquenco',11) 
INSERT INTO [dbo].[Ciudad] ([Nombre_ciudad],[region_Id]) VALUES('Pitrufquén',11) 
INSERT INTO [dbo].[Ciudad] ([Nombre_ciudad],[region_Id]) VALUES('Pucón',11) 
INSERT INTO [dbo].[Ciudad] ([Nombre_ciudad],[region_Id]) VALUES('Saavedra',11) 
INSERT INTO [dbo].[Ciudad] ([Nombre_ciudad],[region_Id]) VALUES('Teodoro Schmidt',11) 
INSERT INTO [dbo].[Ciudad] ([Nombre_ciudad],[region_Id]) VALUES('Toltén',11) 
INSERT INTO [dbo].[Ciudad] ([Nombre_ciudad],[region_Id]) VALUES('Vilcún',11) 
INSERT INTO [dbo].[Ciudad] ([Nombre_ciudad],[region_Id]) VALUES('Villarrica',11) 
INSERT INTO [dbo].[Ciudad] ([Nombre_ciudad],[region_Id]) VALUES('Cholchol',11) 
INSERT INTO [dbo].[Ciudad] ([Nombre_ciudad],[region_Id]) VALUES('Anl',11) 
INSERT INTO [dbo].[Ciudad] ([Nombre_ciudad],[region_Id]) VALUES('Collipulli',11) 
INSERT INTO [dbo].[Ciudad] ([Nombre_ciudad],[region_Id]) VALUES('Curacautín',11) 
INSERT INTO [dbo].[Ciudad] ([Nombre_ciudad],[region_Id]) VALUES('Ercilla',11) 
INSERT INTO [dbo].[Ciudad] ([Nombre_ciudad],[region_Id]) VALUES('Lonquimay',11) 
INSERT INTO [dbo].[Ciudad] ([Nombre_ciudad],[region_Id]) VALUES('Los Sauces',11) 
INSERT INTO [dbo].[Ciudad] ([Nombre_ciudad],[region_Id]) VALUES('Lumaco',11) 
INSERT INTO [dbo].[Ciudad] ([Nombre_ciudad],[region_Id]) VALUES('Purén',11) 
INSERT INTO [dbo].[Ciudad] ([Nombre_ciudad],[region_Id]) VALUES('Renaico',11) 
INSERT INTO [dbo].[Ciudad] ([Nombre_ciudad],[region_Id]) VALUES('Traiguén',11) 
INSERT INTO [dbo].[Ciudad] ([Nombre_ciudad],[region_Id]) VALUES('Victoria',11) 
INSERT INTO [dbo].[Ciudad] ([Nombre_ciudad],[region_Id]) VALUES('Valdivia',12) 
INSERT INTO [dbo].[Ciudad] ([Nombre_ciudad],[region_Id]) VALUES('Corral',12) 
INSERT INTO [dbo].[Ciudad] ([Nombre_ciudad],[region_Id]) VALUES('Lanco',12) 
INSERT INTO [dbo].[Ciudad] ([Nombre_ciudad],[region_Id]) VALUES('Los Las',12) 
INSERT INTO [dbo].[Ciudad] ([Nombre_ciudad],[region_Id]) VALUES('Máfil',12) 
INSERT INTO [dbo].[Ciudad] ([Nombre_ciudad],[region_Id]) VALUES('Mariquina',12) 
INSERT INTO [dbo].[Ciudad] ([Nombre_ciudad],[region_Id]) VALUES('Paillaco',12) 
INSERT INTO [dbo].[Ciudad] ([Nombre_ciudad],[region_Id]) VALUES('Panguipulli',12) 
INSERT INTO [dbo].[Ciudad] ([Nombre_ciudad],[region_Id]) VALUES('La Unión',12) 
INSERT INTO [dbo].[Ciudad] ([Nombre_ciudad],[region_Id]) VALUES('Futrono',12) 
INSERT INTO [dbo].[Ciudad] ([Nombre_ciudad],[region_Id]) VALUES('La Ranco',12) 
INSERT INTO [dbo].[Ciudad] ([Nombre_ciudad],[region_Id]) VALUES('Río Bueno',12) 
INSERT INTO [dbo].[Ciudad] ([Nombre_ciudad],[region_Id]) VALUES('Puerto Montt',13) 
INSERT INTO [dbo].[Ciudad] ([Nombre_ciudad],[region_Id]) VALUES('Calbuco',13) 
INSERT INTO [dbo].[Ciudad] ([Nombre_ciudad],[region_Id]) VALUES('Cochamó',13) 
INSERT INTO [dbo].[Ciudad] ([Nombre_ciudad],[region_Id]) VALUES('Fresia',13) 
INSERT INTO [dbo].[Ciudad] ([Nombre_ciudad],[region_Id]) VALUES('Frutillar',13) 
INSERT INTO [dbo].[Ciudad] ([Nombre_ciudad],[region_Id]) VALUES('Los Muermos',13) 
INSERT INTO [dbo].[Ciudad] ([Nombre_ciudad],[region_Id]) VALUES('Llanquihue',13) 
INSERT INTO [dbo].[Ciudad] ([Nombre_ciudad],[region_Id]) VALUES('Maullín',13) 
INSERT INTO [dbo].[Ciudad] ([Nombre_ciudad],[region_Id]) VALUES('Puerto Varas',13) 
INSERT INTO [dbo].[Ciudad] ([Nombre_ciudad],[region_Id]) VALUES('Castro',13) 
INSERT INTO [dbo].[Ciudad] ([Nombre_ciudad],[region_Id]) VALUES('Ancud',13) 
INSERT INTO [dbo].[Ciudad] ([Nombre_ciudad],[region_Id]) VALUES('Chonchi',13) 
INSERT INTO [dbo].[Ciudad] ([Nombre_ciudad],[region_Id]) VALUES('Curaco de Vélez',13) 
INSERT INTO [dbo].[Ciudad] ([Nombre_ciudad],[region_Id]) VALUES('Dalcahue',13) 
INSERT INTO [dbo].[Ciudad] ([Nombre_ciudad],[region_Id]) VALUES('Puqueldón',13) 
INSERT INTO [dbo].[Ciudad] ([Nombre_ciudad],[region_Id]) VALUES('Queilén',13) 
INSERT INTO [dbo].[Ciudad] ([Nombre_ciudad],[region_Id]) VALUES('Quellón',13) 
INSERT INTO [dbo].[Ciudad] ([Nombre_ciudad],[region_Id]) VALUES('Quemchi',13) 
INSERT INTO [dbo].[Ciudad] ([Nombre_ciudad],[region_Id]) VALUES('Quinchao',13) 
INSERT INTO [dbo].[Ciudad] ([Nombre_ciudad],[region_Id]) VALUES('Osorno',13) 
INSERT INTO [dbo].[Ciudad] ([Nombre_ciudad],[region_Id]) VALUES('Puerto Octay',13) 
INSERT INTO [dbo].[Ciudad] ([Nombre_ciudad],[region_Id]) VALUES('Purranque',13) 
INSERT INTO [dbo].[Ciudad] ([Nombre_ciudad],[region_Id]) VALUES('Puyehue',13) 
INSERT INTO [dbo].[Ciudad] ([Nombre_ciudad],[region_Id]) VALUES('Río Negro',13) 
INSERT INTO [dbo].[Ciudad] ([Nombre_ciudad],[region_Id]) VALUES('San Juan de la Costa',13) 
INSERT INTO [dbo].[Ciudad] ([Nombre_ciudad],[region_Id]) VALUES('San Pablo',13) 
INSERT INTO [dbo].[Ciudad] ([Nombre_ciudad],[region_Id]) VALUES('Chaitén',13) 
INSERT INTO [dbo].[Ciudad] ([Nombre_ciudad],[region_Id]) VALUES('Futaleufú',13) 
INSERT INTO [dbo].[Ciudad] ([Nombre_ciudad],[region_Id]) VALUES('Hualaihué',13) 
INSERT INTO [dbo].[Ciudad] ([Nombre_ciudad],[region_Id]) VALUES('Palena',13) 
INSERT INTO [dbo].[Ciudad] ([Nombre_ciudad],[region_Id]) VALUES('Coihaique',14) 
INSERT INTO [dbo].[Ciudad] ([Nombre_ciudad],[region_Id]) VALUES('La Verde',14) 
INSERT INTO [dbo].[Ciudad] ([Nombre_ciudad],[region_Id]) VALUES('Aisén',14) 
INSERT INTO [dbo].[Ciudad] ([Nombre_ciudad],[region_Id]) VALUES('Cisnes',14) 
INSERT INTO [dbo].[Ciudad] ([Nombre_ciudad],[region_Id]) VALUES('Guaitecas',14) 
INSERT INTO [dbo].[Ciudad] ([Nombre_ciudad],[region_Id]) VALUES('Cochrane',14) 
INSERT INTO [dbo].[Ciudad] ([Nombre_ciudad],[region_Id]) VALUES('O’Higgins',14) 
INSERT INTO [dbo].[Ciudad] ([Nombre_ciudad],[region_Id]) VALUES('Tortel',14) 
INSERT INTO [dbo].[Ciudad] ([Nombre_ciudad],[region_Id]) VALUES('Chile Chico',14) 
INSERT INTO [dbo].[Ciudad] ([Nombre_ciudad],[region_Id]) VALUES('Río Ibáñez',14) 
INSERT INTO [dbo].[Ciudad] ([Nombre_ciudad],[region_Id]) VALUES('Punta Arenas',15) 
INSERT INTO [dbo].[Ciudad] ([Nombre_ciudad],[region_Id]) VALUES('Laguna Blanca',15) 
INSERT INTO [dbo].[Ciudad] ([Nombre_ciudad],[region_Id]) VALUES('Río Verde',15) 
INSERT INTO [dbo].[Ciudad] ([Nombre_ciudad],[region_Id]) VALUES('San Grerio',15) 
INSERT INTO [dbo].[Ciudad] ([Nombre_ciudad],[region_Id]) VALUES('Cabo de Hornos (Ex Navarino)',15) 
INSERT INTO [dbo].[Ciudad] ([Nombre_ciudad],[region_Id]) VALUES('Antártica',15) 
INSERT INTO [dbo].[Ciudad] ([Nombre_ciudad],[region_Id]) VALUES('Porvenir',15) 
INSERT INTO [dbo].[Ciudad] ([Nombre_ciudad],[region_Id]) VALUES('Primavera',15) 
INSERT INTO [dbo].[Ciudad] ([Nombre_ciudad],[region_Id]) VALUES('Timaukel',15) 
INSERT INTO [dbo].[Ciudad] ([Nombre_ciudad],[region_Id]) VALUES('Natales',15) 
INSERT INTO [dbo].[Ciudad] ([Nombre_ciudad],[region_Id]) VALUES('Torres del Paine',15) 
INSERT INTO [dbo].[Ciudad] ([Nombre_ciudad],[region_Id]) VALUES('Santiago',16) 
GO
-----------------------------------------------------------------------------


INSERT INTO [dbo].[Comuna] ([Nombre_comuna],[ciudad_Id]) VALUES('Arica',(Select ciu.Id from [dbo].[Ciudad] as ciu where ciu.Nombre_ciudad = 'Arica')) 
INSERT INTO [dbo].[Comuna] ([Nombre_comuna],[ciudad_Id]) VALUES('Camarones',(Select ciu.Id from [dbo].[Ciudad] as ciu where ciu.Nombre_ciudad = 'Camarones')) 
INSERT INTO [dbo].[Comuna] ([Nombre_comuna],[ciudad_Id]) VALUES('Putre',(Select ciu.Id from [dbo].[Ciudad] as ciu where ciu.Nombre_ciudad = 'Putre')) 
INSERT INTO [dbo].[Comuna] ([Nombre_comuna],[ciudad_Id]) VALUES('General Las',(Select ciu.Id from [dbo].[Ciudad] as ciu where ciu.Nombre_ciudad = 'General Las')) 
INSERT INTO [dbo].[Comuna] ([Nombre_comuna],[ciudad_Id]) VALUES('Iquique',(Select ciu.Id from [dbo].[Ciudad] as ciu where ciu.Nombre_ciudad = 'Iquique')) 
INSERT INTO [dbo].[Comuna] ([Nombre_comuna],[ciudad_Id]) VALUES('Alto Hospicio',(Select ciu.Id from [dbo].[Ciudad] as ciu where ciu.Nombre_ciudad = 'Alto Hospicio')) 
INSERT INTO [dbo].[Comuna] ([Nombre_comuna],[ciudad_Id]) VALUES('Pozo Almonte',(Select ciu.Id from [dbo].[Ciudad] as ciu where ciu.Nombre_ciudad = 'Pozo Almonte')) 
INSERT INTO [dbo].[Comuna] ([Nombre_comuna],[ciudad_Id]) VALUES('Camiña',(Select ciu.Id from [dbo].[Ciudad] as ciu where ciu.Nombre_ciudad = 'Camiña')) 
INSERT INTO [dbo].[Comuna] ([Nombre_comuna],[ciudad_Id]) VALUES('Colchane',(Select ciu.Id from [dbo].[Ciudad] as ciu where ciu.Nombre_ciudad = 'Colchane')) 
INSERT INTO [dbo].[Comuna] ([Nombre_comuna],[ciudad_Id]) VALUES('Huara',(Select ciu.Id from [dbo].[Ciudad] as ciu where ciu.Nombre_ciudad = 'Huara')) 
INSERT INTO [dbo].[Comuna] ([Nombre_comuna],[ciudad_Id]) VALUES('Pica',(Select ciu.Id from [dbo].[Ciudad] as ciu where ciu.Nombre_ciudad = 'Pica')) 
INSERT INTO [dbo].[Comuna] ([Nombre_comuna],[ciudad_Id]) VALUES('Antofagasta',(Select ciu.Id from [dbo].[Ciudad] as ciu where ciu.Nombre_ciudad = 'Antofagasta')) 
INSERT INTO [dbo].[Comuna] ([Nombre_comuna],[ciudad_Id]) VALUES('Mejillones',(Select ciu.Id from [dbo].[Ciudad] as ciu where ciu.Nombre_ciudad = 'Mejillones')) 
INSERT INTO [dbo].[Comuna] ([Nombre_comuna],[ciudad_Id]) VALUES('Sierra rda',(Select ciu.Id from [dbo].[Ciudad] as ciu where ciu.Nombre_ciudad = 'Sierra rda')) 
INSERT INTO [dbo].[Comuna] ([Nombre_comuna],[ciudad_Id]) VALUES('Taltal',(Select ciu.Id from [dbo].[Ciudad] as ciu where ciu.Nombre_ciudad = 'Taltal')) 
INSERT INTO [dbo].[Comuna] ([Nombre_comuna],[ciudad_Id]) VALUES('Calama',(Select ciu.Id from [dbo].[Ciudad] as ciu where ciu.Nombre_ciudad = 'Calama')) 
INSERT INTO [dbo].[Comuna] ([Nombre_comuna],[ciudad_Id]) VALUES('Ollagüe',(Select ciu.Id from [dbo].[Ciudad] as ciu where ciu.Nombre_ciudad = 'Ollagüe')) 
INSERT INTO [dbo].[Comuna] ([Nombre_comuna],[ciudad_Id]) VALUES('San Pedro de Atacama',(Select ciu.Id from [dbo].[Ciudad] as ciu where ciu.Nombre_ciudad = 'San Pedro de Atacama')) 
INSERT INTO [dbo].[Comuna] ([Nombre_comuna],[ciudad_Id]) VALUES('Tocopilla',(Select ciu.Id from [dbo].[Ciudad] as ciu where ciu.Nombre_ciudad = 'Tocopilla')) 
INSERT INTO [dbo].[Comuna] ([Nombre_comuna],[ciudad_Id]) VALUES('María Elena',(Select ciu.Id from [dbo].[Ciudad] as ciu where ciu.Nombre_ciudad = 'María Elena')) 
INSERT INTO [dbo].[Comuna] ([Nombre_comuna],[ciudad_Id]) VALUES('Copiapó',(Select ciu.Id from [dbo].[Ciudad] as ciu where ciu.Nombre_ciudad = 'Copiapó')) 
INSERT INTO [dbo].[Comuna] ([Nombre_comuna],[ciudad_Id]) VALUES('Caldera',(Select ciu.Id from [dbo].[Ciudad] as ciu where ciu.Nombre_ciudad = 'Caldera')) 
INSERT INTO [dbo].[Comuna] ([Nombre_comuna],[ciudad_Id]) VALUES('Tierra Amarilla',(Select ciu.Id from [dbo].[Ciudad] as ciu where ciu.Nombre_ciudad = 'Tierra Amarilla')) 
INSERT INTO [dbo].[Comuna] ([Nombre_comuna],[ciudad_Id]) VALUES('Chañaral',(Select ciu.Id from [dbo].[Ciudad] as ciu where ciu.Nombre_ciudad = 'Chañaral')) 
INSERT INTO [dbo].[Comuna] ([Nombre_comuna],[ciudad_Id]) VALUES('Die de Almagro',(Select ciu.Id from [dbo].[Ciudad] as ciu where ciu.Nombre_ciudad = 'Die de Almagro')) 
INSERT INTO [dbo].[Comuna] ([Nombre_comuna],[ciudad_Id]) VALUES('Vallenar',(Select ciu.Id from [dbo].[Ciudad] as ciu where ciu.Nombre_ciudad = 'Vallenar')) 
INSERT INTO [dbo].[Comuna] ([Nombre_comuna],[ciudad_Id]) VALUES('Alto del Carmen',(Select ciu.Id from [dbo].[Ciudad] as ciu where ciu.Nombre_ciudad = 'Alto del Carmen')) 
INSERT INTO [dbo].[Comuna] ([Nombre_comuna],[ciudad_Id]) VALUES('Freirina',(Select ciu.Id from [dbo].[Ciudad] as ciu where ciu.Nombre_ciudad = 'Freirina')) 
INSERT INTO [dbo].[Comuna] ([Nombre_comuna],[ciudad_Id]) VALUES('Huasco',(Select ciu.Id from [dbo].[Ciudad] as ciu where ciu.Nombre_ciudad = 'Huasco')) 
INSERT INTO [dbo].[Comuna] ([Nombre_comuna],[ciudad_Id]) VALUES('La Serena',(Select ciu.Id from [dbo].[Ciudad] as ciu where ciu.Nombre_ciudad = 'La Serena')) 
INSERT INTO [dbo].[Comuna] ([Nombre_comuna],[ciudad_Id]) VALUES('Coquimbo',(Select ciu.Id from [dbo].[Ciudad] as ciu where ciu.Nombre_ciudad = 'Coquimbo')) 
INSERT INTO [dbo].[Comuna] ([Nombre_comuna],[ciudad_Id]) VALUES('Andacollo',(Select ciu.Id from [dbo].[Ciudad] as ciu where ciu.Nombre_ciudad = 'Andacollo')) 
INSERT INTO [dbo].[Comuna] ([Nombre_comuna],[ciudad_Id]) VALUES('La Higuera',(Select ciu.Id from [dbo].[Ciudad] as ciu where ciu.Nombre_ciudad = 'La Higuera')) 
INSERT INTO [dbo].[Comuna] ([Nombre_comuna],[ciudad_Id]) VALUES('Paiguano',(Select ciu.Id from [dbo].[Ciudad] as ciu where ciu.Nombre_ciudad = 'Paiguano')) 
INSERT INTO [dbo].[Comuna] ([Nombre_comuna],[ciudad_Id]) VALUES('Vicuña',(Select ciu.Id from [dbo].[Ciudad] as ciu where ciu.Nombre_ciudad = 'Vicuña')) 
INSERT INTO [dbo].[Comuna] ([Nombre_comuna],[ciudad_Id]) VALUES('Illapel',(Select ciu.Id from [dbo].[Ciudad] as ciu where ciu.Nombre_ciudad = 'Illapel')) 
INSERT INTO [dbo].[Comuna] ([Nombre_comuna],[ciudad_Id]) VALUES('Canela',(Select ciu.Id from [dbo].[Ciudad] as ciu where ciu.Nombre_ciudad = 'Canela')) 
INSERT INTO [dbo].[Comuna] ([Nombre_comuna],[ciudad_Id]) VALUES('Los Vilos',(Select ciu.Id from [dbo].[Ciudad] as ciu where ciu.Nombre_ciudad = 'Los Vilos')) 
INSERT INTO [dbo].[Comuna] ([Nombre_comuna],[ciudad_Id]) VALUES('Salamanca',(Select ciu.Id from [dbo].[Ciudad] as ciu where ciu.Nombre_ciudad = 'Salamanca')) 
INSERT INTO [dbo].[Comuna] ([Nombre_comuna],[ciudad_Id]) VALUES('Ovalle',(Select ciu.Id from [dbo].[Ciudad] as ciu where ciu.Nombre_ciudad = 'Ovalle')) 
INSERT INTO [dbo].[Comuna] ([Nombre_comuna],[ciudad_Id]) VALUES('Combarbalá',(Select ciu.Id from [dbo].[Ciudad] as ciu where ciu.Nombre_ciudad = 'Combarbalá')) 
INSERT INTO [dbo].[Comuna] ([Nombre_comuna],[ciudad_Id]) VALUES('Monte Patria',(Select ciu.Id from [dbo].[Ciudad] as ciu where ciu.Nombre_ciudad = 'Monte Patria')) 
INSERT INTO [dbo].[Comuna] ([Nombre_comuna],[ciudad_Id]) VALUES('Punitaqui',(Select ciu.Id from [dbo].[Ciudad] as ciu where ciu.Nombre_ciudad = 'Punitaqui')) 
INSERT INTO [dbo].[Comuna] ([Nombre_comuna],[ciudad_Id]) VALUES('Río Hurtado',(Select ciu.Id from [dbo].[Ciudad] as ciu where ciu.Nombre_ciudad = 'Río Hurtado')) 
INSERT INTO [dbo].[Comuna] ([Nombre_comuna],[ciudad_Id]) VALUES('Valparaíso',(Select ciu.Id from [dbo].[Ciudad] as ciu where ciu.Nombre_ciudad = 'Valparaíso')) 
INSERT INTO [dbo].[Comuna] ([Nombre_comuna],[ciudad_Id]) VALUES('Casablanca',(Select ciu.Id from [dbo].[Ciudad] as ciu where ciu.Nombre_ciudad = 'Casablanca')) 
INSERT INTO [dbo].[Comuna] ([Nombre_comuna],[ciudad_Id]) VALUES('Concón',(Select ciu.Id from [dbo].[Ciudad] as ciu where ciu.Nombre_ciudad = 'Concón')) 
INSERT INTO [dbo].[Comuna] ([Nombre_comuna],[ciudad_Id]) VALUES('Juan Fernández',(Select ciu.Id from [dbo].[Ciudad] as ciu where ciu.Nombre_ciudad = 'Juan Fernández')) 
INSERT INTO [dbo].[Comuna] ([Nombre_comuna],[ciudad_Id]) VALUES('Puchuncaví',(Select ciu.Id from [dbo].[Ciudad] as ciu where ciu.Nombre_ciudad = 'Puchuncaví')) 
INSERT INTO [dbo].[Comuna] ([Nombre_comuna],[ciudad_Id]) VALUES('Quintero',(Select ciu.Id from [dbo].[Ciudad] as ciu where ciu.Nombre_ciudad = 'Quintero')) 
INSERT INTO [dbo].[Comuna] ([Nombre_comuna],[ciudad_Id]) VALUES('Viña del Mar',(Select ciu.Id from [dbo].[Ciudad] as ciu where ciu.Nombre_ciudad = 'Viña del Mar')) 
INSERT INTO [dbo].[Comuna] ([Nombre_comuna],[ciudad_Id]) VALUES('Isla de Pascua',(Select ciu.Id from [dbo].[Ciudad] as ciu where ciu.Nombre_ciudad = 'Isla de Pascua')) 
INSERT INTO [dbo].[Comuna] ([Nombre_comuna],[ciudad_Id]) VALUES('Los Andes',(Select ciu.Id from [dbo].[Ciudad] as ciu where ciu.Nombre_ciudad = 'Los Andes')) 
INSERT INTO [dbo].[Comuna] ([Nombre_comuna],[ciudad_Id]) VALUES('Calle Larga',(Select ciu.Id from [dbo].[Ciudad] as ciu where ciu.Nombre_ciudad = 'Calle Larga')) 
INSERT INTO [dbo].[Comuna] ([Nombre_comuna],[ciudad_Id]) VALUES('Rinconada',(Select ciu.Id from [dbo].[Ciudad] as ciu where ciu.Nombre_ciudad = 'Rinconada')) 
INSERT INTO [dbo].[Comuna] ([Nombre_comuna],[ciudad_Id]) VALUES('San Esteban',(Select ciu.Id from [dbo].[Ciudad] as ciu where ciu.Nombre_ciudad = 'San Esteban')) 
INSERT INTO [dbo].[Comuna] ([Nombre_comuna],[ciudad_Id]) VALUES('La Ligua',(Select ciu.Id from [dbo].[Ciudad] as ciu where ciu.Nombre_ciudad = 'La Ligua')) 
INSERT INTO [dbo].[Comuna] ([Nombre_comuna],[ciudad_Id]) VALUES('Cabildo',(Select ciu.Id from [dbo].[Ciudad] as ciu where ciu.Nombre_ciudad = 'Cabildo')) 
INSERT INTO [dbo].[Comuna] ([Nombre_comuna],[ciudad_Id]) VALUES('Papudo',(Select ciu.Id from [dbo].[Ciudad] as ciu where ciu.Nombre_ciudad = 'Papudo')) 
INSERT INTO [dbo].[Comuna] ([Nombre_comuna],[ciudad_Id]) VALUES('Petorca',(Select ciu.Id from [dbo].[Ciudad] as ciu where ciu.Nombre_ciudad = 'Petorca')) 
INSERT INTO [dbo].[Comuna] ([Nombre_comuna],[ciudad_Id]) VALUES('Zapallar',(Select ciu.Id from [dbo].[Ciudad] as ciu where ciu.Nombre_ciudad = 'Zapallar')) 
INSERT INTO [dbo].[Comuna] ([Nombre_comuna],[ciudad_Id]) VALUES('Quillota',(Select ciu.Id from [dbo].[Ciudad] as ciu where ciu.Nombre_ciudad = 'Quillota')) 
INSERT INTO [dbo].[Comuna] ([Nombre_comuna],[ciudad_Id]) VALUES('Calera',(Select ciu.Id from [dbo].[Ciudad] as ciu where ciu.Nombre_ciudad = 'Calera')) 
INSERT INTO [dbo].[Comuna] ([Nombre_comuna],[ciudad_Id]) VALUES('Hijuelas',(Select ciu.Id from [dbo].[Ciudad] as ciu where ciu.Nombre_ciudad = 'Hijuelas')) 
INSERT INTO [dbo].[Comuna] ([Nombre_comuna],[ciudad_Id]) VALUES('La Cruz',(Select ciu.Id from [dbo].[Ciudad] as ciu where ciu.Nombre_ciudad = 'La Cruz')) 
INSERT INTO [dbo].[Comuna] ([Nombre_comuna],[ciudad_Id]) VALUES('Nogales',(Select ciu.Id from [dbo].[Ciudad] as ciu where ciu.Nombre_ciudad = 'Nogales')) 
INSERT INTO [dbo].[Comuna] ([Nombre_comuna],[ciudad_Id]) VALUES('San Antonio',(Select ciu.Id from [dbo].[Ciudad] as ciu where ciu.Nombre_ciudad = 'San Antonio')) 
INSERT INTO [dbo].[Comuna] ([Nombre_comuna],[ciudad_Id]) VALUES('Algarrobo',(Select ciu.Id from [dbo].[Ciudad] as ciu where ciu.Nombre_ciudad = 'Algarrobo')) 
INSERT INTO [dbo].[Comuna] ([Nombre_comuna],[ciudad_Id]) VALUES('Cartagena',(Select ciu.Id from [dbo].[Ciudad] as ciu where ciu.Nombre_ciudad = 'Cartagena')) 
INSERT INTO [dbo].[Comuna] ([Nombre_comuna],[ciudad_Id]) VALUES('El Quisco',(Select ciu.Id from [dbo].[Ciudad] as ciu where ciu.Nombre_ciudad = 'El Quisco')) 
INSERT INTO [dbo].[Comuna] ([Nombre_comuna],[ciudad_Id]) VALUES('El Tabo',(Select ciu.Id from [dbo].[Ciudad] as ciu where ciu.Nombre_ciudad = 'El Tabo')) 
INSERT INTO [dbo].[Comuna] ([Nombre_comuna],[ciudad_Id]) VALUES('Santo Domin',(Select ciu.Id from [dbo].[Ciudad] as ciu where ciu.Nombre_ciudad = 'Santo Domin')) 
INSERT INTO [dbo].[Comuna] ([Nombre_comuna],[ciudad_Id]) VALUES('San Felipe',(Select ciu.Id from [dbo].[Ciudad] as ciu where ciu.Nombre_ciudad = 'San Felipe')) 
INSERT INTO [dbo].[Comuna] ([Nombre_comuna],[ciudad_Id]) VALUES('Catemu',(Select ciu.Id from [dbo].[Ciudad] as ciu where ciu.Nombre_ciudad = 'Catemu')) 
INSERT INTO [dbo].[Comuna] ([Nombre_comuna],[ciudad_Id]) VALUES('Llaillay',(Select ciu.Id from [dbo].[Ciudad] as ciu where ciu.Nombre_ciudad = 'Llaillay')) 
INSERT INTO [dbo].[Comuna] ([Nombre_comuna],[ciudad_Id]) VALUES('Panquehue',(Select ciu.Id from [dbo].[Ciudad] as ciu where ciu.Nombre_ciudad = 'Panquehue')) 
INSERT INTO [dbo].[Comuna] ([Nombre_comuna],[ciudad_Id]) VALUES('Putaendo',(Select ciu.Id from [dbo].[Ciudad] as ciu where ciu.Nombre_ciudad = 'Putaendo')) 
INSERT INTO [dbo].[Comuna] ([Nombre_comuna],[ciudad_Id]) VALUES('Santa María',(Select ciu.Id from [dbo].[Ciudad] as ciu where ciu.Nombre_ciudad = 'Santa María')) 
INSERT INTO [dbo].[Comuna] ([Nombre_comuna],[ciudad_Id]) VALUES('Quilpué',(Select ciu.Id from [dbo].[Ciudad] as ciu where ciu.Nombre_ciudad = 'Quilpué')) 
INSERT INTO [dbo].[Comuna] ([Nombre_comuna],[ciudad_Id]) VALUES('Limache',(Select ciu.Id from [dbo].[Ciudad] as ciu where ciu.Nombre_ciudad = 'Limache')) 
INSERT INTO [dbo].[Comuna] ([Nombre_comuna],[ciudad_Id]) VALUES('Olmué',(Select ciu.Id from [dbo].[Ciudad] as ciu where ciu.Nombre_ciudad = 'Olmué')) 
INSERT INTO [dbo].[Comuna] ([Nombre_comuna],[ciudad_Id]) VALUES('Villa Alemana',(Select ciu.Id from [dbo].[Ciudad] as ciu where ciu.Nombre_ciudad = 'Villa Alemana')) 
INSERT INTO [dbo].[Comuna] ([Nombre_comuna],[ciudad_Id]) VALUES('Rancagua',(Select ciu.Id from [dbo].[Ciudad] as ciu where ciu.Nombre_ciudad = 'Rancagua')) 
INSERT INTO [dbo].[Comuna] ([Nombre_comuna],[ciudad_Id]) VALUES('Codegua',(Select ciu.Id from [dbo].[Ciudad] as ciu where ciu.Nombre_ciudad = 'Codegua')) 
INSERT INTO [dbo].[Comuna] ([Nombre_comuna],[ciudad_Id]) VALUES('Coinco',(Select ciu.Id from [dbo].[Ciudad] as ciu where ciu.Nombre_ciudad = 'Coinco')) 
INSERT INTO [dbo].[Comuna] ([Nombre_comuna],[ciudad_Id]) VALUES('Coltauco',(Select ciu.Id from [dbo].[Ciudad] as ciu where ciu.Nombre_ciudad = 'Coltauco')) 
INSERT INTO [dbo].[Comuna] ([Nombre_comuna],[ciudad_Id]) VALUES('Doñihue',(Select ciu.Id from [dbo].[Ciudad] as ciu where ciu.Nombre_ciudad = 'Doñihue')) 
INSERT INTO [dbo].[Comuna] ([Nombre_comuna],[ciudad_Id]) VALUES('Graneros',(Select ciu.Id from [dbo].[Ciudad] as ciu where ciu.Nombre_ciudad = 'Graneros')) 
INSERT INTO [dbo].[Comuna] ([Nombre_comuna],[ciudad_Id]) VALUES('Las Cabras',(Select ciu.Id from [dbo].[Ciudad] as ciu where ciu.Nombre_ciudad = 'Las Cabras')) 
INSERT INTO [dbo].[Comuna] ([Nombre_comuna],[ciudad_Id]) VALUES('Machalí',(Select ciu.Id from [dbo].[Ciudad] as ciu where ciu.Nombre_ciudad = 'Machalí')) 
INSERT INTO [dbo].[Comuna] ([Nombre_comuna],[ciudad_Id]) VALUES('Malloa',(Select ciu.Id from [dbo].[Ciudad] as ciu where ciu.Nombre_ciudad = 'Malloa')) 
INSERT INTO [dbo].[Comuna] ([Nombre_comuna],[ciudad_Id]) VALUES('Mostazal',(Select ciu.Id from [dbo].[Ciudad] as ciu where ciu.Nombre_ciudad = 'Mostazal')) 
INSERT INTO [dbo].[Comuna] ([Nombre_comuna],[ciudad_Id]) VALUES('Olivar',(Select ciu.Id from [dbo].[Ciudad] as ciu where ciu.Nombre_ciudad = 'Olivar')) 
INSERT INTO [dbo].[Comuna] ([Nombre_comuna],[ciudad_Id]) VALUES('Peumo',(Select ciu.Id from [dbo].[Ciudad] as ciu where ciu.Nombre_ciudad = 'Peumo')) 
INSERT INTO [dbo].[Comuna] ([Nombre_comuna],[ciudad_Id]) VALUES('Pichidegua',(Select ciu.Id from [dbo].[Ciudad] as ciu where ciu.Nombre_ciudad = 'Pichidegua')) 
INSERT INTO [dbo].[Comuna] ([Nombre_comuna],[ciudad_Id]) VALUES('Quinta de Tilcoco',(Select ciu.Id from [dbo].[Ciudad] as ciu where ciu.Nombre_ciudad = 'Quinta de Tilcoco')) 
INSERT INTO [dbo].[Comuna] ([Nombre_comuna],[ciudad_Id]) VALUES('Ren',(Select ciu.Id from [dbo].[Ciudad] as ciu where ciu.Nombre_ciudad = 'Ren')) 
INSERT INTO [dbo].[Comuna] ([Nombre_comuna],[ciudad_Id]) VALUES('Requínoa',(Select ciu.Id from [dbo].[Ciudad] as ciu where ciu.Nombre_ciudad = 'Requínoa')) 
INSERT INTO [dbo].[Comuna] ([Nombre_comuna],[ciudad_Id]) VALUES('San Vicente',(Select ciu.Id from [dbo].[Ciudad] as ciu where ciu.Nombre_ciudad = 'San Vicente')) 
INSERT INTO [dbo].[Comuna] ([Nombre_comuna],[ciudad_Id]) VALUES('Pichilemu',(Select ciu.Id from [dbo].[Ciudad] as ciu where ciu.Nombre_ciudad = 'Pichilemu')) 
INSERT INTO [dbo].[Comuna] ([Nombre_comuna],[ciudad_Id]) VALUES('La Estrella',(Select ciu.Id from [dbo].[Ciudad] as ciu where ciu.Nombre_ciudad = 'La Estrella')) 
INSERT INTO [dbo].[Comuna] ([Nombre_comuna],[ciudad_Id]) VALUES('Litueche',(Select ciu.Id from [dbo].[Ciudad] as ciu where ciu.Nombre_ciudad = 'Litueche')) 
INSERT INTO [dbo].[Comuna] ([Nombre_comuna],[ciudad_Id]) VALUES('Marchihue',(Select ciu.Id from [dbo].[Ciudad] as ciu where ciu.Nombre_ciudad = 'Marchihue')) 
INSERT INTO [dbo].[Comuna] ([Nombre_comuna],[ciudad_Id]) VALUES('Navidad',(Select ciu.Id from [dbo].[Ciudad] as ciu where ciu.Nombre_ciudad = 'Navidad')) 
INSERT INTO [dbo].[Comuna] ([Nombre_comuna],[ciudad_Id]) VALUES('Paredones',(Select ciu.Id from [dbo].[Ciudad] as ciu where ciu.Nombre_ciudad = 'Paredones')) 
INSERT INTO [dbo].[Comuna] ([Nombre_comuna],[ciudad_Id]) VALUES('San Fernando',(Select ciu.Id from [dbo].[Ciudad] as ciu where ciu.Nombre_ciudad = 'San Fernando')) 
INSERT INTO [dbo].[Comuna] ([Nombre_comuna],[ciudad_Id]) VALUES('Chépica',(Select ciu.Id from [dbo].[Ciudad] as ciu where ciu.Nombre_ciudad = 'Chépica')) 
INSERT INTO [dbo].[Comuna] ([Nombre_comuna],[ciudad_Id]) VALUES('Chimbaron',(Select ciu.Id from [dbo].[Ciudad] as ciu where ciu.Nombre_ciudad = 'Chimbaron')) 
INSERT INTO [dbo].[Comuna] ([Nombre_comuna],[ciudad_Id]) VALUES('Lolol',(Select ciu.Id from [dbo].[Ciudad] as ciu where ciu.Nombre_ciudad = 'Lolol')) 
INSERT INTO [dbo].[Comuna] ([Nombre_comuna],[ciudad_Id]) VALUES('Nancagua',(Select ciu.Id from [dbo].[Ciudad] as ciu where ciu.Nombre_ciudad = 'Nancagua')) 
INSERT INTO [dbo].[Comuna] ([Nombre_comuna],[ciudad_Id]) VALUES('Palmilla',(Select ciu.Id from [dbo].[Ciudad] as ciu where ciu.Nombre_ciudad = 'Palmilla')) 
INSERT INTO [dbo].[Comuna] ([Nombre_comuna],[ciudad_Id]) VALUES('Peralillo',(Select ciu.Id from [dbo].[Ciudad] as ciu where ciu.Nombre_ciudad = 'Peralillo')) 
INSERT INTO [dbo].[Comuna] ([Nombre_comuna],[ciudad_Id]) VALUES('Placilla',(Select ciu.Id from [dbo].[Ciudad] as ciu where ciu.Nombre_ciudad = 'Placilla')) 
INSERT INTO [dbo].[Comuna] ([Nombre_comuna],[ciudad_Id]) VALUES('Pumanque',(Select ciu.Id from [dbo].[Ciudad] as ciu where ciu.Nombre_ciudad = 'Pumanque')) 
INSERT INTO [dbo].[Comuna] ([Nombre_comuna],[ciudad_Id]) VALUES('Santa Cruz',(Select ciu.Id from [dbo].[Ciudad] as ciu where ciu.Nombre_ciudad = 'Santa Cruz')) 
INSERT INTO [dbo].[Comuna] ([Nombre_comuna],[ciudad_Id]) VALUES('Talca',(Select ciu.Id from [dbo].[Ciudad] as ciu where ciu.Nombre_ciudad = 'Talca')) 
INSERT INTO [dbo].[Comuna] ([Nombre_comuna],[ciudad_Id]) VALUES('Constitución',(Select ciu.Id from [dbo].[Ciudad] as ciu where ciu.Nombre_ciudad = 'Constitución')) 
INSERT INTO [dbo].[Comuna] ([Nombre_comuna],[ciudad_Id]) VALUES('Curepto',(Select ciu.Id from [dbo].[Ciudad] as ciu where ciu.Nombre_ciudad = 'Curepto')) 
INSERT INTO [dbo].[Comuna] ([Nombre_comuna],[ciudad_Id]) VALUES('Empedrado',(Select ciu.Id from [dbo].[Ciudad] as ciu where ciu.Nombre_ciudad = 'Empedrado')) 
INSERT INTO [dbo].[Comuna] ([Nombre_comuna],[ciudad_Id]) VALUES('Maule',(Select ciu.Id from [dbo].[Ciudad] as ciu where ciu.Nombre_ciudad = 'Maule')) 
INSERT INTO [dbo].[Comuna] ([Nombre_comuna],[ciudad_Id]) VALUES('Pelarco',(Select ciu.Id from [dbo].[Ciudad] as ciu where ciu.Nombre_ciudad = 'Pelarco')) 
INSERT INTO [dbo].[Comuna] ([Nombre_comuna],[ciudad_Id]) VALUES('Pencahue',(Select ciu.Id from [dbo].[Ciudad] as ciu where ciu.Nombre_ciudad = 'Pencahue')) 
INSERT INTO [dbo].[Comuna] ([Nombre_comuna],[ciudad_Id]) VALUES('Río Claro',(Select ciu.Id from [dbo].[Ciudad] as ciu where ciu.Nombre_ciudad = 'Río Claro')) 
INSERT INTO [dbo].[Comuna] ([Nombre_comuna],[ciudad_Id]) VALUES('San Clemente',(Select ciu.Id from [dbo].[Ciudad] as ciu where ciu.Nombre_ciudad = 'San Clemente')) 
INSERT INTO [dbo].[Comuna] ([Nombre_comuna],[ciudad_Id]) VALUES('San Rafael',(Select ciu.Id from [dbo].[Ciudad] as ciu where ciu.Nombre_ciudad = 'San Rafael')) 
INSERT INTO [dbo].[Comuna] ([Nombre_comuna],[ciudad_Id]) VALUES('Cauquenes',(Select ciu.Id from [dbo].[Ciudad] as ciu where ciu.Nombre_ciudad = 'Cauquenes')) 
INSERT INTO [dbo].[Comuna] ([Nombre_comuna],[ciudad_Id]) VALUES('Chanco',(Select ciu.Id from [dbo].[Ciudad] as ciu where ciu.Nombre_ciudad = 'Chanco')) 
INSERT INTO [dbo].[Comuna] ([Nombre_comuna],[ciudad_Id]) VALUES('Pelluhue',(Select ciu.Id from [dbo].[Ciudad] as ciu where ciu.Nombre_ciudad = 'Pelluhue')) 
INSERT INTO [dbo].[Comuna] ([Nombre_comuna],[ciudad_Id]) VALUES('Curicó',(Select ciu.Id from [dbo].[Ciudad] as ciu where ciu.Nombre_ciudad = 'Curicó')) 
INSERT INTO [dbo].[Comuna] ([Nombre_comuna],[ciudad_Id]) VALUES('Hualañé',(Select ciu.Id from [dbo].[Ciudad] as ciu where ciu.Nombre_ciudad = 'Hualañé')) 
INSERT INTO [dbo].[Comuna] ([Nombre_comuna],[ciudad_Id]) VALUES('Licantén',(Select ciu.Id from [dbo].[Ciudad] as ciu where ciu.Nombre_ciudad = 'Licantén')) 
INSERT INTO [dbo].[Comuna] ([Nombre_comuna],[ciudad_Id]) VALUES('Molina',(Select ciu.Id from [dbo].[Ciudad] as ciu where ciu.Nombre_ciudad = 'Molina')) 
INSERT INTO [dbo].[Comuna] ([Nombre_comuna],[ciudad_Id]) VALUES('Rauco',(Select ciu.Id from [dbo].[Ciudad] as ciu where ciu.Nombre_ciudad = 'Rauco')) 
INSERT INTO [dbo].[Comuna] ([Nombre_comuna],[ciudad_Id]) VALUES('Romeral',(Select ciu.Id from [dbo].[Ciudad] as ciu where ciu.Nombre_ciudad = 'Romeral')) 
INSERT INTO [dbo].[Comuna] ([Nombre_comuna],[ciudad_Id]) VALUES('Sagrada Familia',(Select ciu.Id from [dbo].[Ciudad] as ciu where ciu.Nombre_ciudad = 'Sagrada Familia')) 
INSERT INTO [dbo].[Comuna] ([Nombre_comuna],[ciudad_Id]) VALUES('Teno',(Select ciu.Id from [dbo].[Ciudad] as ciu where ciu.Nombre_ciudad = 'Teno')) 
INSERT INTO [dbo].[Comuna] ([Nombre_comuna],[ciudad_Id]) VALUES('Vichuquén',(Select ciu.Id from [dbo].[Ciudad] as ciu where ciu.Nombre_ciudad = 'Vichuquén')) 
INSERT INTO [dbo].[Comuna] ([Nombre_comuna],[ciudad_Id]) VALUES('Linares',(Select ciu.Id from [dbo].[Ciudad] as ciu where ciu.Nombre_ciudad = 'Linares')) 
INSERT INTO [dbo].[Comuna] ([Nombre_comuna],[ciudad_Id]) VALUES('Colbún',(Select ciu.Id from [dbo].[Ciudad] as ciu where ciu.Nombre_ciudad = 'Colbún')) 
INSERT INTO [dbo].[Comuna] ([Nombre_comuna],[ciudad_Id]) VALUES('Longaví',(Select ciu.Id from [dbo].[Ciudad] as ciu where ciu.Nombre_ciudad = 'Longaví')) 
INSERT INTO [dbo].[Comuna] ([Nombre_comuna],[ciudad_Id]) VALUES('Parral',(Select ciu.Id from [dbo].[Ciudad] as ciu where ciu.Nombre_ciudad = 'Parral')) 
INSERT INTO [dbo].[Comuna] ([Nombre_comuna],[ciudad_Id]) VALUES('Retiro',(Select ciu.Id from [dbo].[Ciudad] as ciu where ciu.Nombre_ciudad = 'Retiro')) 
INSERT INTO [dbo].[Comuna] ([Nombre_comuna],[ciudad_Id]) VALUES('San Javier',(Select ciu.Id from [dbo].[Ciudad] as ciu where ciu.Nombre_ciudad = 'San Javier')) 
INSERT INTO [dbo].[Comuna] ([Nombre_comuna],[ciudad_Id]) VALUES('Villa Alegre',(Select ciu.Id from [dbo].[Ciudad] as ciu where ciu.Nombre_ciudad = 'Villa Alegre')) 
INSERT INTO [dbo].[Comuna] ([Nombre_comuna],[ciudad_Id]) VALUES('Yerbas Buenas',(Select ciu.Id from [dbo].[Ciudad] as ciu where ciu.Nombre_ciudad = 'Yerbas Buenas')) 
INSERT INTO [dbo].[Comuna] ([Nombre_comuna],[ciudad_Id]) VALUES('Cobquecura',(Select ciu.Id from [dbo].[Ciudad] as ciu where ciu.Nombre_ciudad = 'Cobquecura')) 
INSERT INTO [dbo].[Comuna] ([Nombre_comuna],[ciudad_Id]) VALUES('Coelemu',(Select ciu.Id from [dbo].[Ciudad] as ciu where ciu.Nombre_ciudad = 'Coelemu')) 
INSERT INTO [dbo].[Comuna] ([Nombre_comuna],[ciudad_Id]) VALUES('Ninhue',(Select ciu.Id from [dbo].[Ciudad] as ciu where ciu.Nombre_ciudad = 'Ninhue')) 
INSERT INTO [dbo].[Comuna] ([Nombre_comuna],[ciudad_Id]) VALUES('Portezuelo',(Select ciu.Id from [dbo].[Ciudad] as ciu where ciu.Nombre_ciudad = 'Portezuelo')) 
INSERT INTO [dbo].[Comuna] ([Nombre_comuna],[ciudad_Id]) VALUES('Quirihue',(Select ciu.Id from [dbo].[Ciudad] as ciu where ciu.Nombre_ciudad = 'Quirihue')) 
INSERT INTO [dbo].[Comuna] ([Nombre_comuna],[ciudad_Id]) VALUES('Ránquil',(Select ciu.Id from [dbo].[Ciudad] as ciu where ciu.Nombre_ciudad = 'Ránquil')) 
INSERT INTO [dbo].[Comuna] ([Nombre_comuna],[ciudad_Id]) VALUES('Treguaco',(Select ciu.Id from [dbo].[Ciudad] as ciu where ciu.Nombre_ciudad = 'Treguaco')) 
INSERT INTO [dbo].[Comuna] ([Nombre_comuna],[ciudad_Id]) VALUES('Bulnes',(Select ciu.Id from [dbo].[Ciudad] as ciu where ciu.Nombre_ciudad = 'Bulnes')) 
INSERT INTO [dbo].[Comuna] ([Nombre_comuna],[ciudad_Id]) VALUES('Chillán Viejo',(Select ciu.Id from [dbo].[Ciudad] as ciu where ciu.Nombre_ciudad = 'Chillán Viejo')) 
INSERT INTO [dbo].[Comuna] ([Nombre_comuna],[ciudad_Id]) VALUES('Chillán',(Select ciu.Id from [dbo].[Ciudad] as ciu where ciu.Nombre_ciudad = 'Chillán')) 
INSERT INTO [dbo].[Comuna] ([Nombre_comuna],[ciudad_Id]) VALUES('El Carmen',(Select ciu.Id from [dbo].[Ciudad] as ciu where ciu.Nombre_ciudad = 'El Carmen')) 
INSERT INTO [dbo].[Comuna] ([Nombre_comuna],[ciudad_Id]) VALUES('Pemuco',(Select ciu.Id from [dbo].[Ciudad] as ciu where ciu.Nombre_ciudad = 'Pemuco')) 
INSERT INTO [dbo].[Comuna] ([Nombre_comuna],[ciudad_Id]) VALUES('Pinto',(Select ciu.Id from [dbo].[Ciudad] as ciu where ciu.Nombre_ciudad = 'Pinto')) 
INSERT INTO [dbo].[Comuna] ([Nombre_comuna],[ciudad_Id]) VALUES('Quillón',(Select ciu.Id from [dbo].[Ciudad] as ciu where ciu.Nombre_ciudad = 'Quillón')) 
INSERT INTO [dbo].[Comuna] ([Nombre_comuna],[ciudad_Id]) VALUES('San Ignacio',(Select ciu.Id from [dbo].[Ciudad] as ciu where ciu.Nombre_ciudad = 'San Ignacio')) 
INSERT INTO [dbo].[Comuna] ([Nombre_comuna],[ciudad_Id]) VALUES('Yungay',(Select ciu.Id from [dbo].[Ciudad] as ciu where ciu.Nombre_ciudad = 'Yungay')) 
INSERT INTO [dbo].[Comuna] ([Nombre_comuna],[ciudad_Id]) VALUES('Coihueco',(Select ciu.Id from [dbo].[Ciudad] as ciu where ciu.Nombre_ciudad = 'Coihueco')) 
INSERT INTO [dbo].[Comuna] ([Nombre_comuna],[ciudad_Id]) VALUES('Ñiquén',(Select ciu.Id from [dbo].[Ciudad] as ciu where ciu.Nombre_ciudad = 'Ñiquén')) 
INSERT INTO [dbo].[Comuna] ([Nombre_comuna],[ciudad_Id]) VALUES('San Carlos',(Select ciu.Id from [dbo].[Ciudad] as ciu where ciu.Nombre_ciudad = 'San Carlos')) 
INSERT INTO [dbo].[Comuna] ([Nombre_comuna],[ciudad_Id]) VALUES('San Fabián',(Select ciu.Id from [dbo].[Ciudad] as ciu where ciu.Nombre_ciudad = 'San Fabián')) 
INSERT INTO [dbo].[Comuna] ([Nombre_comuna],[ciudad_Id]) VALUES('San Nicolás',(Select ciu.Id from [dbo].[Ciudad] as ciu where ciu.Nombre_ciudad = 'San Nicolás')) 
INSERT INTO [dbo].[Comuna] ([Nombre_comuna],[ciudad_Id]) VALUES('Concepción',(Select ciu.Id from [dbo].[Ciudad] as ciu where ciu.Nombre_ciudad = 'Concepción')) 
INSERT INTO [dbo].[Comuna] ([Nombre_comuna],[ciudad_Id]) VALUES('Concepción',(Select ciu.Id from [dbo].[Ciudad] as ciu where ciu.Nombre_ciudad = 'Concepción')) 
INSERT INTO [dbo].[Comuna] ([Nombre_comuna],[ciudad_Id]) VALUES('Coronel',(Select ciu.Id from [dbo].[Ciudad] as ciu where ciu.Nombre_ciudad = 'Coronel')) 
INSERT INTO [dbo].[Comuna] ([Nombre_comuna],[ciudad_Id]) VALUES('Chiguayante',(Select ciu.Id from [dbo].[Ciudad] as ciu where ciu.Nombre_ciudad = 'Chiguayante')) 
INSERT INTO [dbo].[Comuna] ([Nombre_comuna],[ciudad_Id]) VALUES('Florida',(Select ciu.Id from [dbo].[Ciudad] as ciu where ciu.Nombre_ciudad = 'Florida')) 
INSERT INTO [dbo].[Comuna] ([Nombre_comuna],[ciudad_Id]) VALUES('Hualqui',(Select ciu.Id from [dbo].[Ciudad] as ciu where ciu.Nombre_ciudad = 'Hualqui')) 
INSERT INTO [dbo].[Comuna] ([Nombre_comuna],[ciudad_Id]) VALUES('Lota',(Select ciu.Id from [dbo].[Ciudad] as ciu where ciu.Nombre_ciudad = 'Lota')) 
INSERT INTO [dbo].[Comuna] ([Nombre_comuna],[ciudad_Id]) VALUES('Penco',(Select ciu.Id from [dbo].[Ciudad] as ciu where ciu.Nombre_ciudad = 'Penco')) 
INSERT INTO [dbo].[Comuna] ([Nombre_comuna],[ciudad_Id]) VALUES('San Pedro de la Paz',(Select ciu.Id from [dbo].[Ciudad] as ciu where ciu.Nombre_ciudad = 'San Pedro de la Paz')) 
INSERT INTO [dbo].[Comuna] ([Nombre_comuna],[ciudad_Id]) VALUES('Santa Juana',(Select ciu.Id from [dbo].[Ciudad] as ciu where ciu.Nombre_ciudad = 'Santa Juana')) 
INSERT INTO [dbo].[Comuna] ([Nombre_comuna],[ciudad_Id]) VALUES('Talcahuano',(Select ciu.Id from [dbo].[Ciudad] as ciu where ciu.Nombre_ciudad = 'Talcahuano')) 
INSERT INTO [dbo].[Comuna] ([Nombre_comuna],[ciudad_Id]) VALUES('Tomé',(Select ciu.Id from [dbo].[Ciudad] as ciu where ciu.Nombre_ciudad = 'Tomé')) 
INSERT INTO [dbo].[Comuna] ([Nombre_comuna],[ciudad_Id]) VALUES('Hualpén',(Select ciu.Id from [dbo].[Ciudad] as ciu where ciu.Nombre_ciudad = 'Hualpén')) 
INSERT INTO [dbo].[Comuna] ([Nombre_comuna],[ciudad_Id]) VALUES('Lebu',(Select ciu.Id from [dbo].[Ciudad] as ciu where ciu.Nombre_ciudad = 'Lebu')) 
INSERT INTO [dbo].[Comuna] ([Nombre_comuna],[ciudad_Id]) VALUES('Arauco',(Select ciu.Id from [dbo].[Ciudad] as ciu where ciu.Nombre_ciudad = 'Arauco')) 
INSERT INTO [dbo].[Comuna] ([Nombre_comuna],[ciudad_Id]) VALUES('Cañete',(Select ciu.Id from [dbo].[Ciudad] as ciu where ciu.Nombre_ciudad = 'Cañete')) 
INSERT INTO [dbo].[Comuna] ([Nombre_comuna],[ciudad_Id]) VALUES('Contulmo',(Select ciu.Id from [dbo].[Ciudad] as ciu where ciu.Nombre_ciudad = 'Contulmo')) 
INSERT INTO [dbo].[Comuna] ([Nombre_comuna],[ciudad_Id]) VALUES('Curanilahue',(Select ciu.Id from [dbo].[Ciudad] as ciu where ciu.Nombre_ciudad = 'Curanilahue')) 
INSERT INTO [dbo].[Comuna] ([Nombre_comuna],[ciudad_Id]) VALUES('Los Álamos',(Select ciu.Id from [dbo].[Ciudad] as ciu where ciu.Nombre_ciudad = 'Los Álamos')) 
INSERT INTO [dbo].[Comuna] ([Nombre_comuna],[ciudad_Id]) VALUES('Tirúa',(Select ciu.Id from [dbo].[Ciudad] as ciu where ciu.Nombre_ciudad = 'Tirúa')) 
INSERT INTO [dbo].[Comuna] ([Nombre_comuna],[ciudad_Id]) VALUES('Los Ángeles',(Select ciu.Id from [dbo].[Ciudad] as ciu where ciu.Nombre_ciudad = 'Los Ángeles')) 
INSERT INTO [dbo].[Comuna] ([Nombre_comuna],[ciudad_Id]) VALUES('Antuco',(Select ciu.Id from [dbo].[Ciudad] as ciu where ciu.Nombre_ciudad = 'Antuco')) 
INSERT INTO [dbo].[Comuna] ([Nombre_comuna],[ciudad_Id]) VALUES('Cabrero',(Select ciu.Id from [dbo].[Ciudad] as ciu where ciu.Nombre_ciudad = 'Cabrero')) 
INSERT INTO [dbo].[Comuna] ([Nombre_comuna],[ciudad_Id]) VALUES('Laja',(Select ciu.Id from [dbo].[Ciudad] as ciu where ciu.Nombre_ciudad = 'Laja')) 
INSERT INTO [dbo].[Comuna] ([Nombre_comuna],[ciudad_Id]) VALUES('Mulchén',(Select ciu.Id from [dbo].[Ciudad] as ciu where ciu.Nombre_ciudad = 'Mulchén')) 
INSERT INTO [dbo].[Comuna] ([Nombre_comuna],[ciudad_Id]) VALUES('Nacimiento',(Select ciu.Id from [dbo].[Ciudad] as ciu where ciu.Nombre_ciudad = 'Nacimiento')) 
INSERT INTO [dbo].[Comuna] ([Nombre_comuna],[ciudad_Id]) VALUES('Negrete',(Select ciu.Id from [dbo].[Ciudad] as ciu where ciu.Nombre_ciudad = 'Negrete')) 
INSERT INTO [dbo].[Comuna] ([Nombre_comuna],[ciudad_Id]) VALUES('Quilaco',(Select ciu.Id from [dbo].[Ciudad] as ciu where ciu.Nombre_ciudad = 'Quilaco')) 
INSERT INTO [dbo].[Comuna] ([Nombre_comuna],[ciudad_Id]) VALUES('Quilleco',(Select ciu.Id from [dbo].[Ciudad] as ciu where ciu.Nombre_ciudad = 'Quilleco')) 
INSERT INTO [dbo].[Comuna] ([Nombre_comuna],[ciudad_Id]) VALUES('San Rosendo',(Select ciu.Id from [dbo].[Ciudad] as ciu where ciu.Nombre_ciudad = 'San Rosendo')) 
INSERT INTO [dbo].[Comuna] ([Nombre_comuna],[ciudad_Id]) VALUES('Santa Bárbara',(Select ciu.Id from [dbo].[Ciudad] as ciu where ciu.Nombre_ciudad = 'Santa Bárbara')) 
INSERT INTO [dbo].[Comuna] ([Nombre_comuna],[ciudad_Id]) VALUES('Tucapel',(Select ciu.Id from [dbo].[Ciudad] as ciu where ciu.Nombre_ciudad = 'Tucapel')) 
INSERT INTO [dbo].[Comuna] ([Nombre_comuna],[ciudad_Id]) VALUES('Yumbel',(Select ciu.Id from [dbo].[Ciudad] as ciu where ciu.Nombre_ciudad = 'Yumbel')) 
INSERT INTO [dbo].[Comuna] ([Nombre_comuna],[ciudad_Id]) VALUES('Alto Biobío',(Select ciu.Id from [dbo].[Ciudad] as ciu where ciu.Nombre_ciudad = 'Alto Biobío')) 
INSERT INTO [dbo].[Comuna] ([Nombre_comuna],[ciudad_Id]) VALUES('Temuco',(Select ciu.Id from [dbo].[Ciudad] as ciu where ciu.Nombre_ciudad = 'Temuco')) 
INSERT INTO [dbo].[Comuna] ([Nombre_comuna],[ciudad_Id]) VALUES('Carahue',(Select ciu.Id from [dbo].[Ciudad] as ciu where ciu.Nombre_ciudad = 'Carahue')) 
INSERT INTO [dbo].[Comuna] ([Nombre_comuna],[ciudad_Id]) VALUES('Cunco',(Select ciu.Id from [dbo].[Ciudad] as ciu where ciu.Nombre_ciudad = 'Cunco')) 
INSERT INTO [dbo].[Comuna] ([Nombre_comuna],[ciudad_Id]) VALUES('Curarrehue',(Select ciu.Id from [dbo].[Ciudad] as ciu where ciu.Nombre_ciudad = 'Curarrehue')) 
INSERT INTO [dbo].[Comuna] ([Nombre_comuna],[ciudad_Id]) VALUES('Freire',(Select ciu.Id from [dbo].[Ciudad] as ciu where ciu.Nombre_ciudad = 'Freire')) 
INSERT INTO [dbo].[Comuna] ([Nombre_comuna],[ciudad_Id]) VALUES('Galvarino',(Select ciu.Id from [dbo].[Ciudad] as ciu where ciu.Nombre_ciudad = 'Galvarino')) 
INSERT INTO [dbo].[Comuna] ([Nombre_comuna],[ciudad_Id]) VALUES('rbea',(Select ciu.Id from [dbo].[Ciudad] as ciu where ciu.Nombre_ciudad = 'rbea')) 
INSERT INTO [dbo].[Comuna] ([Nombre_comuna],[ciudad_Id]) VALUES('Lautaro',(Select ciu.Id from [dbo].[Ciudad] as ciu where ciu.Nombre_ciudad = 'Lautaro')) 
INSERT INTO [dbo].[Comuna] ([Nombre_comuna],[ciudad_Id]) VALUES('Loncoche',(Select ciu.Id from [dbo].[Ciudad] as ciu where ciu.Nombre_ciudad = 'Loncoche')) 
INSERT INTO [dbo].[Comuna] ([Nombre_comuna],[ciudad_Id]) VALUES('Melipeuco',(Select ciu.Id from [dbo].[Ciudad] as ciu where ciu.Nombre_ciudad = 'Melipeuco')) 
INSERT INTO [dbo].[Comuna] ([Nombre_comuna],[ciudad_Id]) VALUES('Nueva Imperial',(Select ciu.Id from [dbo].[Ciudad] as ciu where ciu.Nombre_ciudad = 'Nueva Imperial')) 
INSERT INTO [dbo].[Comuna] ([Nombre_comuna],[ciudad_Id]) VALUES('Padre las Casas',(Select ciu.Id from [dbo].[Ciudad] as ciu where ciu.Nombre_ciudad = 'Padre las Casas')) 
INSERT INTO [dbo].[Comuna] ([Nombre_comuna],[ciudad_Id]) VALUES('Perquenco',(Select ciu.Id from [dbo].[Ciudad] as ciu where ciu.Nombre_ciudad = 'Perquenco')) 
INSERT INTO [dbo].[Comuna] ([Nombre_comuna],[ciudad_Id]) VALUES('Pitrufquén',(Select ciu.Id from [dbo].[Ciudad] as ciu where ciu.Nombre_ciudad = 'Pitrufquén')) 
INSERT INTO [dbo].[Comuna] ([Nombre_comuna],[ciudad_Id]) VALUES('Pucón',(Select ciu.Id from [dbo].[Ciudad] as ciu where ciu.Nombre_ciudad = 'Pucón')) 
INSERT INTO [dbo].[Comuna] ([Nombre_comuna],[ciudad_Id]) VALUES('Saavedra',(Select ciu.Id from [dbo].[Ciudad] as ciu where ciu.Nombre_ciudad = 'Saavedra')) 
INSERT INTO [dbo].[Comuna] ([Nombre_comuna],[ciudad_Id]) VALUES('Teodoro Schmidt',(Select ciu.Id from [dbo].[Ciudad] as ciu where ciu.Nombre_ciudad = 'Teodoro Schmidt')) 
INSERT INTO [dbo].[Comuna] ([Nombre_comuna],[ciudad_Id]) VALUES('Toltén',(Select ciu.Id from [dbo].[Ciudad] as ciu where ciu.Nombre_ciudad = 'Toltén')) 
INSERT INTO [dbo].[Comuna] ([Nombre_comuna],[ciudad_Id]) VALUES('Vilcún',(Select ciu.Id from [dbo].[Ciudad] as ciu where ciu.Nombre_ciudad = 'Vilcún')) 
INSERT INTO [dbo].[Comuna] ([Nombre_comuna],[ciudad_Id]) VALUES('Villarrica',(Select ciu.Id from [dbo].[Ciudad] as ciu where ciu.Nombre_ciudad = 'Villarrica')) 
INSERT INTO [dbo].[Comuna] ([Nombre_comuna],[ciudad_Id]) VALUES('Cholchol',(Select ciu.Id from [dbo].[Ciudad] as ciu where ciu.Nombre_ciudad = 'Cholchol')) 
INSERT INTO [dbo].[Comuna] ([Nombre_comuna],[ciudad_Id]) VALUES('Anl',(Select ciu.Id from [dbo].[Ciudad] as ciu where ciu.Nombre_ciudad = 'Anl')) 
INSERT INTO [dbo].[Comuna] ([Nombre_comuna],[ciudad_Id]) VALUES('Collipulli',(Select ciu.Id from [dbo].[Ciudad] as ciu where ciu.Nombre_ciudad = 'Collipulli')) 
INSERT INTO [dbo].[Comuna] ([Nombre_comuna],[ciudad_Id]) VALUES('Curacautín',(Select ciu.Id from [dbo].[Ciudad] as ciu where ciu.Nombre_ciudad = 'Curacautín')) 
INSERT INTO [dbo].[Comuna] ([Nombre_comuna],[ciudad_Id]) VALUES('Ercilla',(Select ciu.Id from [dbo].[Ciudad] as ciu where ciu.Nombre_ciudad = 'Ercilla')) 
INSERT INTO [dbo].[Comuna] ([Nombre_comuna],[ciudad_Id]) VALUES('Lonquimay',(Select ciu.Id from [dbo].[Ciudad] as ciu where ciu.Nombre_ciudad = 'Lonquimay')) 
INSERT INTO [dbo].[Comuna] ([Nombre_comuna],[ciudad_Id]) VALUES('Los Sauces',(Select ciu.Id from [dbo].[Ciudad] as ciu where ciu.Nombre_ciudad = 'Los Sauces')) 
INSERT INTO [dbo].[Comuna] ([Nombre_comuna],[ciudad_Id]) VALUES('Lumaco',(Select ciu.Id from [dbo].[Ciudad] as ciu where ciu.Nombre_ciudad = 'Lumaco')) 
INSERT INTO [dbo].[Comuna] ([Nombre_comuna],[ciudad_Id]) VALUES('Purén',(Select ciu.Id from [dbo].[Ciudad] as ciu where ciu.Nombre_ciudad = 'Purén')) 
INSERT INTO [dbo].[Comuna] ([Nombre_comuna],[ciudad_Id]) VALUES('Renaico',(Select ciu.Id from [dbo].[Ciudad] as ciu where ciu.Nombre_ciudad = 'Renaico')) 
INSERT INTO [dbo].[Comuna] ([Nombre_comuna],[ciudad_Id]) VALUES('Traiguén',(Select ciu.Id from [dbo].[Ciudad] as ciu where ciu.Nombre_ciudad = 'Traiguén')) 
INSERT INTO [dbo].[Comuna] ([Nombre_comuna],[ciudad_Id]) VALUES('Victoria',(Select ciu.Id from [dbo].[Ciudad] as ciu where ciu.Nombre_ciudad = 'Victoria')) 
INSERT INTO [dbo].[Comuna] ([Nombre_comuna],[ciudad_Id]) VALUES('Valdivia',(Select ciu.Id from [dbo].[Ciudad] as ciu where ciu.Nombre_ciudad = 'Valdivia')) 
INSERT INTO [dbo].[Comuna] ([Nombre_comuna],[ciudad_Id]) VALUES('Corral',(Select ciu.Id from [dbo].[Ciudad] as ciu where ciu.Nombre_ciudad = 'Corral')) 
INSERT INTO [dbo].[Comuna] ([Nombre_comuna],[ciudad_Id]) VALUES('Lanco',(Select ciu.Id from [dbo].[Ciudad] as ciu where ciu.Nombre_ciudad = 'Lanco')) 
INSERT INTO [dbo].[Comuna] ([Nombre_comuna],[ciudad_Id]) VALUES('Los Las',(Select ciu.Id from [dbo].[Ciudad] as ciu where ciu.Nombre_ciudad = 'Los Las')) 
INSERT INTO [dbo].[Comuna] ([Nombre_comuna],[ciudad_Id]) VALUES('Máfil',(Select ciu.Id from [dbo].[Ciudad] as ciu where ciu.Nombre_ciudad = 'Máfil')) 
INSERT INTO [dbo].[Comuna] ([Nombre_comuna],[ciudad_Id]) VALUES('Mariquina',(Select ciu.Id from [dbo].[Ciudad] as ciu where ciu.Nombre_ciudad = 'Mariquina')) 
INSERT INTO [dbo].[Comuna] ([Nombre_comuna],[ciudad_Id]) VALUES('Paillaco',(Select ciu.Id from [dbo].[Ciudad] as ciu where ciu.Nombre_ciudad = 'Paillaco')) 
INSERT INTO [dbo].[Comuna] ([Nombre_comuna],[ciudad_Id]) VALUES('Panguipulli',(Select ciu.Id from [dbo].[Ciudad] as ciu where ciu.Nombre_ciudad = 'Panguipulli')) 
INSERT INTO [dbo].[Comuna] ([Nombre_comuna],[ciudad_Id]) VALUES('La Unión',(Select ciu.Id from [dbo].[Ciudad] as ciu where ciu.Nombre_ciudad = 'La Unión')) 
INSERT INTO [dbo].[Comuna] ([Nombre_comuna],[ciudad_Id]) VALUES('Futrono',(Select ciu.Id from [dbo].[Ciudad] as ciu where ciu.Nombre_ciudad = 'Futrono')) 
INSERT INTO [dbo].[Comuna] ([Nombre_comuna],[ciudad_Id]) VALUES('La Ranco',(Select ciu.Id from [dbo].[Ciudad] as ciu where ciu.Nombre_ciudad = 'La Ranco')) 
INSERT INTO [dbo].[Comuna] ([Nombre_comuna],[ciudad_Id]) VALUES('Río Bueno',(Select ciu.Id from [dbo].[Ciudad] as ciu where ciu.Nombre_ciudad = 'Río Bueno')) 
INSERT INTO [dbo].[Comuna] ([Nombre_comuna],[ciudad_Id]) VALUES('Puerto Montt',(Select ciu.Id from [dbo].[Ciudad] as ciu where ciu.Nombre_ciudad = 'Puerto Montt')) 
INSERT INTO [dbo].[Comuna] ([Nombre_comuna],[ciudad_Id]) VALUES('Calbuco',(Select ciu.Id from [dbo].[Ciudad] as ciu where ciu.Nombre_ciudad = 'Calbuco')) 
INSERT INTO [dbo].[Comuna] ([Nombre_comuna],[ciudad_Id]) VALUES('Cochamó',(Select ciu.Id from [dbo].[Ciudad] as ciu where ciu.Nombre_ciudad = 'Cochamó')) 
INSERT INTO [dbo].[Comuna] ([Nombre_comuna],[ciudad_Id]) VALUES('Fresia',(Select ciu.Id from [dbo].[Ciudad] as ciu where ciu.Nombre_ciudad = 'Fresia')) 
INSERT INTO [dbo].[Comuna] ([Nombre_comuna],[ciudad_Id]) VALUES('Frutillar',(Select ciu.Id from [dbo].[Ciudad] as ciu where ciu.Nombre_ciudad = 'Frutillar')) 
INSERT INTO [dbo].[Comuna] ([Nombre_comuna],[ciudad_Id]) VALUES('Los Muermos',(Select ciu.Id from [dbo].[Ciudad] as ciu where ciu.Nombre_ciudad = 'Los Muermos')) 
INSERT INTO [dbo].[Comuna] ([Nombre_comuna],[ciudad_Id]) VALUES('Llanquihue',(Select ciu.Id from [dbo].[Ciudad] as ciu where ciu.Nombre_ciudad = 'Llanquihue')) 
INSERT INTO [dbo].[Comuna] ([Nombre_comuna],[ciudad_Id]) VALUES('Maullín',(Select ciu.Id from [dbo].[Ciudad] as ciu where ciu.Nombre_ciudad = 'Maullín')) 
INSERT INTO [dbo].[Comuna] ([Nombre_comuna],[ciudad_Id]) VALUES('Puerto Varas',(Select ciu.Id from [dbo].[Ciudad] as ciu where ciu.Nombre_ciudad = 'Puerto Varas')) 
INSERT INTO [dbo].[Comuna] ([Nombre_comuna],[ciudad_Id]) VALUES('Castro',(Select ciu.Id from [dbo].[Ciudad] as ciu where ciu.Nombre_ciudad = 'Castro')) 
INSERT INTO [dbo].[Comuna] ([Nombre_comuna],[ciudad_Id]) VALUES('Ancud',(Select ciu.Id from [dbo].[Ciudad] as ciu where ciu.Nombre_ciudad = 'Ancud')) 
INSERT INTO [dbo].[Comuna] ([Nombre_comuna],[ciudad_Id]) VALUES('Chonchi',(Select ciu.Id from [dbo].[Ciudad] as ciu where ciu.Nombre_ciudad = 'Chonchi')) 
INSERT INTO [dbo].[Comuna] ([Nombre_comuna],[ciudad_Id]) VALUES('Curaco de Vélez',(Select ciu.Id from [dbo].[Ciudad] as ciu where ciu.Nombre_ciudad = 'Curaco de Vélez')) 
INSERT INTO [dbo].[Comuna] ([Nombre_comuna],[ciudad_Id]) VALUES('Dalcahue',(Select ciu.Id from [dbo].[Ciudad] as ciu where ciu.Nombre_ciudad = 'Dalcahue')) 
INSERT INTO [dbo].[Comuna] ([Nombre_comuna],[ciudad_Id]) VALUES('Puqueldón',(Select ciu.Id from [dbo].[Ciudad] as ciu where ciu.Nombre_ciudad = 'Puqueldón')) 
INSERT INTO [dbo].[Comuna] ([Nombre_comuna],[ciudad_Id]) VALUES('Queilén',(Select ciu.Id from [dbo].[Ciudad] as ciu where ciu.Nombre_ciudad = 'Queilén')) 
INSERT INTO [dbo].[Comuna] ([Nombre_comuna],[ciudad_Id]) VALUES('Quellón',(Select ciu.Id from [dbo].[Ciudad] as ciu where ciu.Nombre_ciudad = 'Quellón')) 
INSERT INTO [dbo].[Comuna] ([Nombre_comuna],[ciudad_Id]) VALUES('Quemchi',(Select ciu.Id from [dbo].[Ciudad] as ciu where ciu.Nombre_ciudad = 'Quemchi')) 
INSERT INTO [dbo].[Comuna] ([Nombre_comuna],[ciudad_Id]) VALUES('Quinchao',(Select ciu.Id from [dbo].[Ciudad] as ciu where ciu.Nombre_ciudad = 'Quinchao')) 
INSERT INTO [dbo].[Comuna] ([Nombre_comuna],[ciudad_Id]) VALUES('Osorno',(Select ciu.Id from [dbo].[Ciudad] as ciu where ciu.Nombre_ciudad = 'Osorno')) 
INSERT INTO [dbo].[Comuna] ([Nombre_comuna],[ciudad_Id]) VALUES('Puerto Octay',(Select ciu.Id from [dbo].[Ciudad] as ciu where ciu.Nombre_ciudad = 'Puerto Octay')) 
INSERT INTO [dbo].[Comuna] ([Nombre_comuna],[ciudad_Id]) VALUES('Purranque',(Select ciu.Id from [dbo].[Ciudad] as ciu where ciu.Nombre_ciudad = 'Purranque')) 
INSERT INTO [dbo].[Comuna] ([Nombre_comuna],[ciudad_Id]) VALUES('Puyehue',(Select ciu.Id from [dbo].[Ciudad] as ciu where ciu.Nombre_ciudad = 'Puyehue')) 
INSERT INTO [dbo].[Comuna] ([Nombre_comuna],[ciudad_Id]) VALUES('Río Negro',(Select ciu.Id from [dbo].[Ciudad] as ciu where ciu.Nombre_ciudad = 'Río Negro')) 
INSERT INTO [dbo].[Comuna] ([Nombre_comuna],[ciudad_Id]) VALUES('San Juan de la Costa',(Select ciu.Id from [dbo].[Ciudad] as ciu where ciu.Nombre_ciudad = 'San Juan de la Costa')) 
INSERT INTO [dbo].[Comuna] ([Nombre_comuna],[ciudad_Id]) VALUES('San Pablo',(Select ciu.Id from [dbo].[Ciudad] as ciu where ciu.Nombre_ciudad = 'San Pablo')) 
INSERT INTO [dbo].[Comuna] ([Nombre_comuna],[ciudad_Id]) VALUES('Chaitén',(Select ciu.Id from [dbo].[Ciudad] as ciu where ciu.Nombre_ciudad = 'Chaitén')) 
INSERT INTO [dbo].[Comuna] ([Nombre_comuna],[ciudad_Id]) VALUES('Futaleufú',(Select ciu.Id from [dbo].[Ciudad] as ciu where ciu.Nombre_ciudad = 'Futaleufú')) 
INSERT INTO [dbo].[Comuna] ([Nombre_comuna],[ciudad_Id]) VALUES('Hualaihué',(Select ciu.Id from [dbo].[Ciudad] as ciu where ciu.Nombre_ciudad = 'Hualaihué')) 
INSERT INTO [dbo].[Comuna] ([Nombre_comuna],[ciudad_Id]) VALUES('Palena',(Select ciu.Id from [dbo].[Ciudad] as ciu where ciu.Nombre_ciudad = 'Palena')) 
INSERT INTO [dbo].[Comuna] ([Nombre_comuna],[ciudad_Id]) VALUES('Coihaique',(Select ciu.Id from [dbo].[Ciudad] as ciu where ciu.Nombre_ciudad = 'Coihaique')) 
INSERT INTO [dbo].[Comuna] ([Nombre_comuna],[ciudad_Id]) VALUES('La Verde',(Select ciu.Id from [dbo].[Ciudad] as ciu where ciu.Nombre_ciudad = 'La Verde')) 
INSERT INTO [dbo].[Comuna] ([Nombre_comuna],[ciudad_Id]) VALUES('Aisén',(Select ciu.Id from [dbo].[Ciudad] as ciu where ciu.Nombre_ciudad = 'Aisén')) 
INSERT INTO [dbo].[Comuna] ([Nombre_comuna],[ciudad_Id]) VALUES('Cisnes',(Select ciu.Id from [dbo].[Ciudad] as ciu where ciu.Nombre_ciudad = 'Cisnes')) 
INSERT INTO [dbo].[Comuna] ([Nombre_comuna],[ciudad_Id]) VALUES('Guaitecas',(Select ciu.Id from [dbo].[Ciudad] as ciu where ciu.Nombre_ciudad = 'Guaitecas')) 
INSERT INTO [dbo].[Comuna] ([Nombre_comuna],[ciudad_Id]) VALUES('Cochrane',(Select ciu.Id from [dbo].[Ciudad] as ciu where ciu.Nombre_ciudad = 'Cochrane')) 
INSERT INTO [dbo].[Comuna] ([Nombre_comuna],[ciudad_Id]) VALUES('O’Higgins',(Select ciu.Id from [dbo].[Ciudad] as ciu where ciu.Nombre_ciudad = 'O’Higgins')) 
INSERT INTO [dbo].[Comuna] ([Nombre_comuna],[ciudad_Id]) VALUES('Tortel',(Select ciu.Id from [dbo].[Ciudad] as ciu where ciu.Nombre_ciudad = 'Tortel')) 
INSERT INTO [dbo].[Comuna] ([Nombre_comuna],[ciudad_Id]) VALUES('Chile Chico',(Select ciu.Id from [dbo].[Ciudad] as ciu where ciu.Nombre_ciudad = 'Chile Chico')) 
INSERT INTO [dbo].[Comuna] ([Nombre_comuna],[ciudad_Id]) VALUES('Río Ibáñez',(Select ciu.Id from [dbo].[Ciudad] as ciu where ciu.Nombre_ciudad = 'Río Ibáñez')) 
INSERT INTO [dbo].[Comuna] ([Nombre_comuna],[ciudad_Id]) VALUES('Punta Arenas',(Select ciu.Id from [dbo].[Ciudad] as ciu where ciu.Nombre_ciudad = 'Punta Arenas')) 
INSERT INTO [dbo].[Comuna] ([Nombre_comuna],[ciudad_Id]) VALUES('Laguna Blanca',(Select ciu.Id from [dbo].[Ciudad] as ciu where ciu.Nombre_ciudad = 'Laguna Blanca')) 
INSERT INTO [dbo].[Comuna] ([Nombre_comuna],[ciudad_Id]) VALUES('Río Verde',(Select ciu.Id from [dbo].[Ciudad] as ciu where ciu.Nombre_ciudad = 'Río Verde')) 
INSERT INTO [dbo].[Comuna] ([Nombre_comuna],[ciudad_Id]) VALUES('San Grerio',(Select ciu.Id from [dbo].[Ciudad] as ciu where ciu.Nombre_ciudad = 'San Grerio')) 
INSERT INTO [dbo].[Comuna] ([Nombre_comuna],[ciudad_Id]) VALUES('Cabo de Hornos (Ex Navarino)',(Select ciu.Id from [dbo].[Ciudad] as ciu where ciu.Nombre_ciudad = 'Cabo de Hornos (Ex Navarino)')) 
INSERT INTO [dbo].[Comuna] ([Nombre_comuna],[ciudad_Id]) VALUES('Antártica',(Select ciu.Id from [dbo].[Ciudad] as ciu where ciu.Nombre_ciudad = 'Antártica')) 
INSERT INTO [dbo].[Comuna] ([Nombre_comuna],[ciudad_Id]) VALUES('Porvenir',(Select ciu.Id from [dbo].[Ciudad] as ciu where ciu.Nombre_ciudad = 'Porvenir')) 
INSERT INTO [dbo].[Comuna] ([Nombre_comuna],[ciudad_Id]) VALUES('Primavera',(Select ciu.Id from [dbo].[Ciudad] as ciu where ciu.Nombre_ciudad = 'Primavera')) 
INSERT INTO [dbo].[Comuna] ([Nombre_comuna],[ciudad_Id]) VALUES('Timaukel',(Select ciu.Id from [dbo].[Ciudad] as ciu where ciu.Nombre_ciudad = 'Timaukel')) 
INSERT INTO [dbo].[Comuna] ([Nombre_comuna],[ciudad_Id]) VALUES('Natales',(Select ciu.Id from [dbo].[Ciudad] as ciu where ciu.Nombre_ciudad = 'Natales')) 
INSERT INTO [dbo].[Comuna] ([Nombre_comuna],[ciudad_Id]) VALUES('Torres del Paine',(Select ciu.Id from [dbo].[Ciudad] as ciu where ciu.Nombre_ciudad = 'Torres del Paine')) 
INSERT INTO [dbo].[Comuna] ([Nombre_comuna],[ciudad_Id]) VALUES('Cerrillos',(Select ciu.Id from [dbo].[Ciudad] as ciu where ciu.Nombre_ciudad = 'Santiago')) 
INSERT INTO [dbo].[Comuna] ([Nombre_comuna],[ciudad_Id]) VALUES('Cerro Navia',(Select ciu.Id from [dbo].[Ciudad] as ciu where ciu.Nombre_ciudad = 'Santiago')) 
INSERT INTO [dbo].[Comuna] ([Nombre_comuna],[ciudad_Id]) VALUES('Conchalí',(Select ciu.Id from [dbo].[Ciudad] as ciu where ciu.Nombre_ciudad = 'Santiago')) 
INSERT INTO [dbo].[Comuna] ([Nombre_comuna],[ciudad_Id]) VALUES('El Bosque',(Select ciu.Id from [dbo].[Ciudad] as ciu where ciu.Nombre_ciudad = 'Santiago')) 
INSERT INTO [dbo].[Comuna] ([Nombre_comuna],[ciudad_Id]) VALUES('Estación Central',(Select ciu.Id from [dbo].[Ciudad] as ciu where ciu.Nombre_ciudad = 'Santiago')) 
INSERT INTO [dbo].[Comuna] ([Nombre_comuna],[ciudad_Id]) VALUES('Huechuraba',(Select ciu.Id from [dbo].[Ciudad] as ciu where ciu.Nombre_ciudad = 'Santiago')) 
INSERT INTO [dbo].[Comuna] ([Nombre_comuna],[ciudad_Id]) VALUES('Independencia',(Select ciu.Id from [dbo].[Ciudad] as ciu where ciu.Nombre_ciudad = 'Santiago')) 
INSERT INTO [dbo].[Comuna] ([Nombre_comuna],[ciudad_Id]) VALUES('La Cisterna',(Select ciu.Id from [dbo].[Ciudad] as ciu where ciu.Nombre_ciudad = 'Santiago')) 
INSERT INTO [dbo].[Comuna] ([Nombre_comuna],[ciudad_Id]) VALUES('La Florida',(Select ciu.Id from [dbo].[Ciudad] as ciu where ciu.Nombre_ciudad = 'Santiago')) 
INSERT INTO [dbo].[Comuna] ([Nombre_comuna],[ciudad_Id]) VALUES('La Granja',(Select ciu.Id from [dbo].[Ciudad] as ciu where ciu.Nombre_ciudad = 'Santiago')) 
INSERT INTO [dbo].[Comuna] ([Nombre_comuna],[ciudad_Id]) VALUES('La Pintana',(Select ciu.Id from [dbo].[Ciudad] as ciu where ciu.Nombre_ciudad = 'Santiago')) 
INSERT INTO [dbo].[Comuna] ([Nombre_comuna],[ciudad_Id]) VALUES('La Reina',(Select ciu.Id from [dbo].[Ciudad] as ciu where ciu.Nombre_ciudad = 'Santiago')) 
INSERT INTO [dbo].[Comuna] ([Nombre_comuna],[ciudad_Id]) VALUES('Las Condes',(Select ciu.Id from [dbo].[Ciudad] as ciu where ciu.Nombre_ciudad = 'Santiago')) 
INSERT INTO [dbo].[Comuna] ([Nombre_comuna],[ciudad_Id]) VALUES('Lo Barnechea',(Select ciu.Id from [dbo].[Ciudad] as ciu where ciu.Nombre_ciudad = 'Santiago')) 
INSERT INTO [dbo].[Comuna] ([Nombre_comuna],[ciudad_Id]) VALUES('Lo Espejo',(Select ciu.Id from [dbo].[Ciudad] as ciu where ciu.Nombre_ciudad = 'Santiago')) 
INSERT INTO [dbo].[Comuna] ([Nombre_comuna],[ciudad_Id]) VALUES('Lo Prado',(Select ciu.Id from [dbo].[Ciudad] as ciu where ciu.Nombre_ciudad = 'Santiago')) 
INSERT INTO [dbo].[Comuna] ([Nombre_comuna],[ciudad_Id]) VALUES('Macul',(Select ciu.Id from [dbo].[Ciudad] as ciu where ciu.Nombre_ciudad = 'Santiago')) 
INSERT INTO [dbo].[Comuna] ([Nombre_comuna],[ciudad_Id]) VALUES('Maipú',(Select ciu.Id from [dbo].[Ciudad] as ciu where ciu.Nombre_ciudad = 'Santiago')) 
INSERT INTO [dbo].[Comuna] ([Nombre_comuna],[ciudad_Id]) VALUES('Ñuñoa',(Select ciu.Id from [dbo].[Ciudad] as ciu where ciu.Nombre_ciudad = 'Santiago')) 
INSERT INTO [dbo].[Comuna] ([Nombre_comuna],[ciudad_Id]) VALUES('Pedro Aguirre Cerda',(Select ciu.Id from [dbo].[Ciudad] as ciu where ciu.Nombre_ciudad = 'Santiago')) 
INSERT INTO [dbo].[Comuna] ([Nombre_comuna],[ciudad_Id]) VALUES('Peñalolén',(Select ciu.Id from [dbo].[Ciudad] as ciu where ciu.Nombre_ciudad = 'Santiago')) 
INSERT INTO [dbo].[Comuna] ([Nombre_comuna],[ciudad_Id]) VALUES('Providencia',(Select ciu.Id from [dbo].[Ciudad] as ciu where ciu.Nombre_ciudad = 'Santiago')) 
INSERT INTO [dbo].[Comuna] ([Nombre_comuna],[ciudad_Id]) VALUES('Pudahuel',(Select ciu.Id from [dbo].[Ciudad] as ciu where ciu.Nombre_ciudad = 'Santiago')) 
INSERT INTO [dbo].[Comuna] ([Nombre_comuna],[ciudad_Id]) VALUES('Quilicura',(Select ciu.Id from [dbo].[Ciudad] as ciu where ciu.Nombre_ciudad = 'Santiago')) 
INSERT INTO [dbo].[Comuna] ([Nombre_comuna],[ciudad_Id]) VALUES('Quinta Normal',(Select ciu.Id from [dbo].[Ciudad] as ciu where ciu.Nombre_ciudad = 'Santiago')) 
INSERT INTO [dbo].[Comuna] ([Nombre_comuna],[ciudad_Id]) VALUES('Recoleta',(Select ciu.Id from [dbo].[Ciudad] as ciu where ciu.Nombre_ciudad = 'Santiago')) 
INSERT INTO [dbo].[Comuna] ([Nombre_comuna],[ciudad_Id]) VALUES('Renca',(Select ciu.Id from [dbo].[Ciudad] as ciu where ciu.Nombre_ciudad = 'Santiago')) 
INSERT INTO [dbo].[Comuna] ([Nombre_comuna],[ciudad_Id]) VALUES('Santia',(Select ciu.Id from [dbo].[Ciudad] as ciu where ciu.Nombre_ciudad = 'Santiago')) 
INSERT INTO [dbo].[Comuna] ([Nombre_comuna],[ciudad_Id]) VALUES('San Joaquín',(Select ciu.Id from [dbo].[Ciudad] as ciu where ciu.Nombre_ciudad = 'Santiago')) 
INSERT INTO [dbo].[Comuna] ([Nombre_comuna],[ciudad_Id]) VALUES('San Miguel',(Select ciu.Id from [dbo].[Ciudad] as ciu where ciu.Nombre_ciudad = 'Santiago')) 
INSERT INTO [dbo].[Comuna] ([Nombre_comuna],[ciudad_Id]) VALUES('San Ramón',(Select ciu.Id from [dbo].[Ciudad] as ciu where ciu.Nombre_ciudad = 'Santiago')) 
INSERT INTO [dbo].[Comuna] ([Nombre_comuna],[ciudad_Id]) VALUES('Vitacura',(Select ciu.Id from [dbo].[Ciudad] as ciu where ciu.Nombre_ciudad = 'Santiago')) 
INSERT INTO [dbo].[Comuna] ([Nombre_comuna],[ciudad_Id]) VALUES('Puente Alto',(Select ciu.Id from [dbo].[Ciudad] as ciu where ciu.Nombre_ciudad = 'Santiago')) 
INSERT INTO [dbo].[Comuna] ([Nombre_comuna],[ciudad_Id]) VALUES('Pirque',(Select ciu.Id from [dbo].[Ciudad] as ciu where ciu.Nombre_ciudad = 'Santiago')) 
INSERT INTO [dbo].[Comuna] ([Nombre_comuna],[ciudad_Id]) VALUES('San José de Maipo',(Select ciu.Id from [dbo].[Ciudad] as ciu where ciu.Nombre_ciudad = 'Santiago')) 
INSERT INTO [dbo].[Comuna] ([Nombre_comuna],[ciudad_Id]) VALUES('Colina',(Select ciu.Id from [dbo].[Ciudad] as ciu where ciu.Nombre_ciudad = 'Santiago')) 
INSERT INTO [dbo].[Comuna] ([Nombre_comuna],[ciudad_Id]) VALUES('Lampa',(Select ciu.Id from [dbo].[Ciudad] as ciu where ciu.Nombre_ciudad = 'Santiago')) 
INSERT INTO [dbo].[Comuna] ([Nombre_comuna],[ciudad_Id]) VALUES('Tiltil',(Select ciu.Id from [dbo].[Ciudad] as ciu where ciu.Nombre_ciudad = 'Santiago')) 
INSERT INTO [dbo].[Comuna] ([Nombre_comuna],[ciudad_Id]) VALUES('San Bernardo',(Select ciu.Id from [dbo].[Ciudad] as ciu where ciu.Nombre_ciudad = 'Santiago')) 
INSERT INTO [dbo].[Comuna] ([Nombre_comuna],[ciudad_Id]) VALUES('Buin',(Select ciu.Id from [dbo].[Ciudad] as ciu where ciu.Nombre_ciudad = 'Santiago')) 
INSERT INTO [dbo].[Comuna] ([Nombre_comuna],[ciudad_Id]) VALUES('Calera de Tan',(Select ciu.Id from [dbo].[Ciudad] as ciu where ciu.Nombre_ciudad = 'Santiago')) 
INSERT INTO [dbo].[Comuna] ([Nombre_comuna],[ciudad_Id]) VALUES('Paine',(Select ciu.Id from [dbo].[Ciudad] as ciu where ciu.Nombre_ciudad = 'Santiago')) 
INSERT INTO [dbo].[Comuna] ([Nombre_comuna],[ciudad_Id]) VALUES('Melipilla',(Select ciu.Id from [dbo].[Ciudad] as ciu where ciu.Nombre_ciudad = 'Santiago')) 
INSERT INTO [dbo].[Comuna] ([Nombre_comuna],[ciudad_Id]) VALUES('Alhué',(Select ciu.Id from [dbo].[Ciudad] as ciu where ciu.Nombre_ciudad = 'Santiago')) 
INSERT INTO [dbo].[Comuna] ([Nombre_comuna],[ciudad_Id]) VALUES('Curacaví',(Select ciu.Id from [dbo].[Ciudad] as ciu where ciu.Nombre_ciudad = 'Santiago')) 
INSERT INTO [dbo].[Comuna] ([Nombre_comuna],[ciudad_Id]) VALUES('María Pinto',(Select ciu.Id from [dbo].[Ciudad] as ciu where ciu.Nombre_ciudad = 'Santiago')) 
INSERT INTO [dbo].[Comuna] ([Nombre_comuna],[ciudad_Id]) VALUES('San Pedro',(Select ciu.Id from [dbo].[Ciudad] as ciu where ciu.Nombre_ciudad = 'Santiago')) 
INSERT INTO [dbo].[Comuna] ([Nombre_comuna],[ciudad_Id]) VALUES('Talagante',(Select ciu.Id from [dbo].[Ciudad] as ciu where ciu.Nombre_ciudad = 'Santiago')) 
INSERT INTO [dbo].[Comuna] ([Nombre_comuna],[ciudad_Id]) VALUES('El Monte',(Select ciu.Id from [dbo].[Ciudad] as ciu where ciu.Nombre_ciudad = 'Santiago')) 
INSERT INTO [dbo].[Comuna] ([Nombre_comuna],[ciudad_Id]) VALUES('Isla de Maipo',(Select ciu.Id from [dbo].[Ciudad] as ciu where ciu.Nombre_ciudad = 'Santiago')) 
INSERT INTO [dbo].[Comuna] ([Nombre_comuna],[ciudad_Id]) VALUES('Padre Hurtado',(Select ciu.Id from [dbo].[Ciudad] as ciu where ciu.Nombre_ciudad = 'Santiago')) 
INSERT INTO [dbo].[Comuna] ([Nombre_comuna],[ciudad_Id]) VALUES('Peñaflor',(Select ciu.Id from [dbo].[Ciudad] as ciu where ciu.Nombre_ciudad = 'Santiago')) 
GO
--------------------------------------------------------

INSERT [dbo].[Empleado] ([Rut_empleado], [Nombre], [ApellidoPat], [ApellidoMat], [Fecha_nacimiento], [Calle], [NumCalle], [Comuna], [Ciudad], [Region], [Telefono], [Email], [Rol_Id]) VALUES ( 124567893, N'Josefa', N'Martínez', N'Flores', CAST(N'2020-05-20T00:00:00.000' AS DateTime), N'pajaros', 1245, N'Ñuñoa', N'Santiago', N'RM', 12345678, N'Algo@gmail.com', 1)
INSERT [dbo].[Empleado] ( [Rut_empleado], [Nombre], [ApellidoPat], [ApellidoMat], [Fecha_nacimiento], [Calle], [NumCalle], [Comuna], [Ciudad], [Region], [Telefono], [Email], [Rol_Id]) VALUES ( 982365147, N'Marion', N'Díaz', N'López', CAST(N'2020-05-20T00:00:00.000' AS DateTime), N'pajaros', 1245, N'Ñuñoa', N'Santiago', N'RM', 12345678, N'Algo@gmail.com', 1)
INSERT [dbo].[Empleado] ( [Rut_empleado], [Nombre], [ApellidoPat], [ApellidoMat], [Fecha_nacimiento], [Calle], [NumCalle], [Comuna], [Ciudad], [Region], [Telefono], [Email], [Rol_Id]) VALUES ( 155863214, N'Martina', N'Fernández', N'Gómez', CAST(N'2020-05-20T00:00:00.000' AS DateTime), N'pajaros', 1245, N'Ñuñoa', N'Santiago', N'RM', 12345678, N'Algo@gmail.com', 1)
INSERT [dbo].[Empleado] ( [Rut_empleado], [Nombre], [ApellidoPat], [ApellidoMat], [Fecha_nacimiento], [Calle], [NumCalle], [Comuna], [Ciudad], [Region], [Telefono], [Email], [Rol_Id]) VALUES ( 124567893, N'Julia', N'Sofía', N'Martinez', CAST(N'2020-05-20T00:00:00.000' AS DateTime), N'pajaros', 1245, N'Ñuñoa', N'Santiago', N'RM', 12345678, N'Algo@gmail.com', 1)
INSERT [dbo].[Empleado] ( [Rut_empleado], [Nombre], [ApellidoPat], [ApellidoMat], [Fecha_nacimiento], [Calle], [NumCalle], [Comuna], [Ciudad], [Region], [Telefono], [Email], [Rol_Id]) VALUES ( 124567893, N'Mariel', N'Mariel', N'Daniel', CAST(N'2020-05-20T00:00:00.000' AS DateTime), N'pajaros', 1245, N'Ñuñoa', N'Santiago', N'RM', 12345678, N'Algo@gmail.com', 1)
INSERT [dbo].[Empleado] ( [Rut_empleado], [Nombre], [ApellidoPat], [ApellidoMat], [Fecha_nacimiento], [Calle], [NumCalle], [Comuna], [Ciudad], [Region], [Telefono], [Email], [Rol_Id]) VALUES ( 124567893, N'Francisco', N'Rodríguez', N'Rodríguez', CAST(N'2020-05-20T00:00:00.000' AS DateTime), N'pajaros', 1245, N'Ñuñoa', N'Santiago', N'RM', 12345678, N'Algo@gmail.com', 1)
INSERT [dbo].[Empleado] ( [Rut_empleado], [Nombre], [ApellidoPat], [ApellidoMat], [Fecha_nacimiento], [Calle], [NumCalle], [Comuna], [Ciudad], [Region], [Telefono], [Email], [Rol_Id]) VALUES ( 124567893, N'David', N'Sánchez', N'Alzate', CAST(N'2020-05-20T00:00:00.000' AS DateTime), N'pajaros', 1245, N'Ñuñoa', N'Santiago', N'RM', 12345678, N'Algo@gmail.com', 1)
INSERT [dbo].[Empleado] ( [Rut_empleado], [Nombre], [ApellidoPat], [ApellidoMat], [Fecha_nacimiento], [Calle], [NumCalle], [Comuna], [Ciudad], [Region], [Telefono], [Email], [Rol_Id]) VALUES ( 124567893, N'Manuel', N'Rojas', N'Aguirre', CAST(N'2020-05-20T00:00:00.000' AS DateTime), N'pajaros', 1245, N'Ñuñoa', N'Santiago', N'RM', 12345678, N'Algo@gmail.com', 1)
INSERT [dbo].[Empleado] ( [Rut_empleado], [Nombre], [ApellidoPat], [ApellidoMat], [Fecha_nacimiento], [Calle], [NumCalle], [Comuna], [Ciudad], [Region], [Telefono], [Email], [Rol_Id]) VALUES ( 124567893, N'Antonio', N'Muñoz', N'Cardona', CAST(N'2020-05-20T00:00:00.000' AS DateTime), N'pajaros', 1245, N'Ñuñoa', N'Santiago', N'RM', 12345678, N'Algo@gmail.com', 1)
INSERT [dbo].[Empleado] ( [Rut_empleado], [Nombre], [ApellidoPat], [ApellidoMat], [Fecha_nacimiento], [Calle], [NumCalle], [Comuna], [Ciudad], [Region], [Telefono], [Email], [Rol_Id]) VALUES ( 124567893, N'Noa', N'Soto', N'Montoya', CAST(N'2020-05-20T00:00:00.000' AS DateTime), N'pajaros', 1245, N'Ñuñoa', N'Santiago', N'RM', 12345678, N'Algo@gmail.com', 1)
INSERT [dbo].[Empleado] ( [Rut_empleado], [Nombre], [ApellidoPat], [ApellidoMat], [Fecha_nacimiento], [Calle], [NumCalle], [Comuna], [Ciudad], [Region], [Telefono], [Email], [Rol_Id]) VALUES ( 124567893, N'Valeria', N'Silva', N'Castañeda', CAST(N'2020-05-20T00:00:00.000' AS DateTime), N'pajaros', 1245, N'Ñuñoa', N'Santiago', N'RM', 12345678, N'Algo@gmail.com', 1)
INSERT [dbo].[Empleado] ( [Rut_empleado], [Nombre], [ApellidoPat], [ApellidoMat], [Fecha_nacimiento], [Calle], [NumCalle], [Comuna], [Ciudad], [Region], [Telefono], [Email], [Rol_Id]) VALUES ( 124567893, N'Hugo', N'Sepúlveda', N'Londoño', CAST(N'2020-05-20T00:00:00.000' AS DateTime), N'pajaros', 1245, N'Ñuñoa', N'Santiago', N'RM', 12345678, N'Algo@gmail.com', 1)
GO